Chrom,Pos,Ref,Alt,ClinVar_Label,REVEL_Score,HexaGene_Structural_Score
1,964512,C,A,1,0.811,7.682229091544718
1,1022225,G,A,1,0.796,2.924980308126886
1,1050575,G,C,1,0.718,7.611598053468531
1,1050575,G,C,1,0.875,7.611598053468531
1,1050763,G,T,1,0.479,7.964753243849465
1,1050763,G,T,1,0.845,7.964753243849465
1,1051275,T,C,1,0.887,6.674606392743932
1,1051301,G,A,1,0.382,2.9956113462030727
1,1051301,G,A,1,0.156,2.9956113462030727
1,1054480,A,G,1,0.529,5.540081232116959
1,1232279,A,C,1,0.235,11.643748290390326
1,1232279,A,G,1,0.188,6.886499506972493
1,1232280,T,A,1,0.206,7.611598053468531
1,1232280,T,C,1,0.203,6.674606392743932
1,1232281,G,A,1,0.24,6.603975354667746
1,1232471,A,G,1,0.213,6.603975354667746
1,1232478,C,T,1,0.288,2.924980308126885
1,1232513,A,G,1,0.797,8.936552126353071
1,1232744,G,A,1,0.888,3.2075044604316334
1,1232754,C,A,1,0.748,7.752860129620904
1,1232834,T,C,1,0.242,3.2075044604316334
1,1232896,C,G,1,0.415,7.611598053468531
1,1232897,G,C,1,0.456,7.611598053468531
1,1232927,G,A,1,0.627,2.924980308126885
1,1233044,C,T,1,0.783,5.257557079812211
1,1233177,G,C,1,0.657,7.611598053468531
1,1233203,T,A,1,0.261,7.611598053468531
1,1312103,A,T,1,0.327,7.611598053468531
1,1312841,G,A,1,0.874,9.007183164429259
1,1319313,G,A,1,0.302,5.328188117888398
1,1321072,C,A,1,0.658,11.361224138085577
1,1353913,A,T,1,0.309,7.611598053468531
1,1512270,T,A,1,0.861,9.944174825153857
1,1516036,T,G,1,0.267,11.361224138085577
1,1516084,T,C,1,0.436,6.674606392743932
1,1525242,T,G,1,0.917,13.693800909770902
1,1529299,C,T,1,0.163,2.924980308126885
1,1529299,C,T,1,0.716,2.924980308126885
1,1529300,G,A,1,0.84,2.924980308126885
1,1535372,G,A,1,0.639,2.924980308126885
1,1535462,A,T,1,0.259,7.611598053468531
1,1787378,C,T,1,0.364,2.9956113462030727
1,1789124,C,G,1,0.493,7.611598053468531
1,1789124,C,G,1,0.901,7.611598053468531
1,1789125,C,G,1,0.519,9.944174825153857
1,1793246,A,G,1,0.741,8.936552126353071
1,1804461,C,T,1,0.272,6.886499506972493
1,1804496,T,C,1,0.929,2.924980308126885
1,1804497,C,A,1,0.946,13.76443194784709
1,1804502,C,A,1,0.757,7.752860129620904
1,1804508,C,T,1,0.714,3.2075044604316334
1,1804523,C,T,1,0.519,2.9956113462030727
1,1804548,T,C,1,0.515,6.674606392743932
1,1804553,C,A,1,0.437,7.964753243849465
1,1804560,A,G,1,0.611,6.603975354667746
1,1804562,C,A,1,0.348,7.682229091544718
1,1804563,G,A,1,0.481,2.9956113462030727
1,1804565,A,G,1,0.555,6.674606392743932
1,1804575,C,T,1,0.265,2.9956113462030727
1,1806476,T,C,1,0.316,6.886499506972493
1,1806477,T,C,1,0.543,6.674606392743932
1,1806503,A,C,1,0.56,7.682229091544718
1,1806503,A,G,1,0.515,2.924980308126886
1,1806503,A,T,1,0.504,7.611598053468531
1,1806509,T,C,1,0.309,2.924980308126885
1,1806512,C,A,1,0.756,11.431855176161765
1,1806512,C,T,1,0.744,6.674606392743932
1,1806513,C,A,1,0.656,11.361224138085577
1,1806513,C,G,1,0.609,9.944174825153857
1,1806513,C,T,1,0.668,6.603975354667746
1,1806514,A,C,1,0.796,11.643748290390326
1,1806514,A,T,1,0.796,7.611598053468531
1,1806515,T,C,1,0.906,6.603975354667746
1,1806516,C,T,1,0.823,9.007183164429259
1,1806525,C,A,1,0.347,7.964753243849465
1,1815776,C,A,1,0.31,11.361224138085577
1,1815789,T,G,1,0.57,7.964753243849465
1,1815796,G,C,1,0.187,7.611598053468531
1,1815801,C,T,1,0.718,2.924980308126885
1,1923833,C,G,1,0.137,7.611598053468531
1,1927024,C,T,1,0.026,2.924980308126885
1,1930304,A,G,1,0.135,6.603975354667746
1,1944365,G,A,1,0.152,2.9956113462030727
1,1970722,C,T,1,0.387,2.924980308126886
1,1974047,G,A,1,0.068,2.9956113462030727
1,2028236,C,T,1,0.595,2.924980308126885
1,2029189,C,T,1,0.976,2.9956113462030727
1,2029197,C,G,1,0.789,7.611598053468531
1,2029626,A,G,1,0.666,6.603975354667746
1,2228825,C,G,1,0.758,7.611598053468531
1,2228825,C,T,1,0.698,2.924980308126885
1,2228828,T,G,1,0.68,13.693800909770902
1,2228834,A,C,1,0.663,11.431855176161765
1,2228848,T,A,1,0.749,7.611598053468531
1,2228857,T,C,1,0.53,6.603975354667746
1,2228857,T,G,1,0.393,11.361224138085577
1,2228860,C,G,1,0.617,7.611598053468531
1,2228866,G,A,1,0.834,2.924980308126885
1,2228866,G,C,1,0.817,7.611598053468531
1,2228866,G,T,1,0.809,7.682229091544718
1,2228867,G,A,1,0.844,2.924980308126885
1,2228867,G,T,1,0.849,7.682229091544718
1,2228869,C,G,1,0.818,7.611598053468531
1,2228869,C,T,1,0.787,2.924980308126885
1,2228870,C,A,1,0.781,7.682229091544718
1,2228870,C,T,1,0.763,2.924980308126885
1,2228872,G,C,1,0.638,7.611598053468531
1,2228984,T,G,1,0.479,13.693800909770902
1,2229031,C,T,1,0.818,2.924980308126885
1,2229113,G,A,1,0.821,3.2075044604316334
1,2229115,G,A,1,0.848,2.924980308126885
1,2229115,G,C,1,0.882,7.611598053468531
1,2229116,G,A,1,0.855,2.924980308126886
1,2229305,C,A,1,0.763,7.682229091544718
1,2406526,G,C,1,0.93,7.611598053468531
1,2406566,A,G,1,0.899,6.603975354667746
1,2406569,C,A,1,0.982,7.964753243849465
1,2406569,C,G,1,0.956,7.611598053468531
1,2408843,C,T,1,0.937,2.924980308126885
1,2408852,T,C,1,0.844,8.936552126353071
1,2412500,C,G,1,0.36,9.944174825153857
1,2412500,C,T,1,0.365,2.924980308126885
1,2412501,A,G,1,0.459,6.886499506972493
1,2412502,T,A,1,0.327,7.611598053468531
1,2412502,T,C,1,0.36,6.603975354667746
1,2412502,T,G,1,0.327,11.361224138085577
1,3414616,T,C,1,0.517,6.603975354667746
1,5863915,A,G,1,0.822,8.936552126353071
1,5865106,A,G,1,0.684,8.936552126353071
1,5866376,T,C,1,0.521,2.924980308126886
1,5874946,A,G,1,0.93,5.540081232116958
1,6111883,T,C,1,0.565,6.674606392743932
1,6124593,T,A,1,0.948,7.611598053468531
1,6125527,G,C,1,0.483,9.944174825153857
1,6129038,T,A,1,0.43,7.611598053468531
1,6129050,C,T,1,0.976,2.924980308126886
1,6130220,G,A,1,0.938,2.924980308126885
1,6130221,G,A,1,0.897,5.328188117888398
1,6130286,G,T,1,0.924,7.682229091544718
1,6131643,C,T,1,0.652,2.9956113462030727
1,6131706,C,T,1,0.769,6.674606392743932
1,6135305,A,C,1,0.962,11.361224138085577
1,6135308,C,T,1,0.953,2.924980308126885
1,6135365,G,A,1,0.851,6.886499506972493
1,6136750,C,T,1,0.942,2.924980308126885
1,6148958,C,T,1,0.74,2.924980308126885
1,6154828,G,A,1,0.891,2.924980308126885
1,6168218,G,A,1,0.262,6.603975354667746
1,6254689,G,A,1,0.217,2.9956113462030727
1,6451659,G,A,1,0.309,6.886499506972493
1,6451926,A,C,1,0.227,11.361224138085577
1,6451926,A,C,1,0.553,11.361224138085577
1,6452092,G,A,1,0.462,5.328188117888398
1,6469588,G,T,1,0.628,7.752860129620904
1,6470839,T,G,1,0.283,11.431855176161765
1,6473273,G,A,1,0.061,5.257557079812211
1,6477569,C,T,1,0.174,6.603975354667746
1,7249591,G,A,1,0.804,6.886499506972493
1,7249592,A,G,1,0.804,8.936552126353071
1,7249611,G,C,1,0.443,7.611598053468531
1,7467839,G,A,1,0.408,2.924980308126886
1,7467878,C,G,1,0.625,9.944174825153857
1,7467879,G,A,1,0.518,2.9956113462030727
1,7665170,G,A,1,0.766,3.2075044604316334
1,7670915,G,A,1,0.71,6.886499506972493
1,7677682,C,T,1,0.299,2.924980308126885
1,7736507,A,G,1,0.206,3.2075044604316334
1,7736507,A,G,1,0.708,3.2075044604316334
1,7737315,C,T,1,0.276,2.924980308126885
1,7745892,G,A,1,0.167,2.924980308126885
1,7745892,G,A,1,0.081,2.924980308126885
1,7962863,G,A,1,0.567,6.886499506972493
1,7962868,G,A,1,0.835,3.2075044604316334
1,7965348,G,T,1,0.419,7.752860129620904
1,7965425,G,C,1,0.361,7.611598053468531
1,7970943,T,C,1,0.792,6.674606392743932
1,7970963,G,A,1,0.709,5.328188117888398
1,7984944,A,G,1,0.96,5.328188117888398
1,7984981,T,C,1,0.848,6.886499506972493
1,8325956,C,T,1,0.514,2.924980308126885
1,8355536,A,T,1,0.54,7.611598053468531
1,8356159,G,A,1,0.589,2.924980308126886
1,8356195,T,C,1,0.203,6.603975354667746
1,8358216,T,C,1,0.354,8.936552126353071
1,8358230,G,C,1,0.577,7.611598053468531
1,8358231,T,A,1,0.735,7.611598053468531
1,8358231,T,C,1,0.779,6.603975354667746
1,8358232,G,A,1,0.695,2.924980308126885
1,8358235,A,G,1,0.565,6.674606392743932
1,8358237,T,G,1,0.768,11.431855176161765
1,8358238,G,A,1,0.645,6.603975354667746
1,8358242,G,T,1,0.682,11.643748290390326
1,8358249,T,C,1,0.676,8.936552126353071
1,8358264,G,A,1,0.721,2.9956113462030727
1,8358607,G,C,1,0.372,7.611598053468531
1,8358705,G,A,1,0.384,2.924980308126885
1,8358750,G,C,1,0.782,7.611598053468531
1,8358768,A,G,1,0.782,6.674606392743932
1,8360361,G,A,1,0.274,2.924980308126885
1,8360580,G,A,1,0.245,6.886499506972493
1,9263569,G,A,1,0.992,2.9956113462030727
1,9715849,G,A,1,0.244,2.924980308126886
1,9715897,G,A,1,0.597,5.257557079812211
1,9717608,C,A,1,0.441,11.361224138085577
1,9717608,C,G,1,0.441,7.611598053468531
1,9719924,T,C,1,0.82,6.603975354667746
1,9720790,T,A,1,0.265,7.611598053468531
1,9720791,A,C,1,0.37,10.29733001553479
1,9720793,G,A,1,0.4,6.886499506972493
1,9722350,G,A,1,0.86,5.257557079812211
1,9726972,G,A,1,0.627,6.603975354667746
1,9726985,A,G,1,0.294,6.674606392743932
1,9972074,A,G,1,0.808,6.886499506972493
1,9972098,G,A,1,0.818,6.886499506972493
1,9972111,C,A,1,0.917,11.361224138085577
1,9972126,A,G,1,0.928,3.2075044604316334
1,9972177,T,C,1,0.802,6.674606392743932
1,9975616,T,A,1,0.908,7.611598053468531
1,9975655,T,G,1,0.987,11.431855176161765
1,9975672,C,T,1,0.977,5.257557079812211
1,9975681,A,G,1,0.971,3.2075044604316334
1,9975681,A,T,1,0.933,9.944174825153857
1,9975714,G,A,1,0.642,3.2075044604316334
1,9975720,G,T,1,0.947,11.361224138085577
1,9975721,T,C,1,0.818,3.2075044604316334
1,9975747,G,A,1,0.51,6.886499506972493
1,9975769,T,G,1,0.973,13.693800909770902
1,9981170,G,C,1,0.559,9.944174825153857
1,9981170,G,C,1,0.41,9.944174825153857
1,9982318,C,G,1,0.755,7.611598053468531
1,9982319,T,C,1,0.977,8.936552126353071
1,9982327,G,A,1,0.97,2.924980308126885
1,9982346,C,A,1,0.926,7.752860129620904
1,9982349,T,C,1,0.977,3.2075044604316334
1,9982361,A,G,1,0.554,2.924980308126885
1,9982361,A,T,1,0.85,7.611598053468531
1,9982379,A,G,1,0.914,6.674606392743932
1,9982393,G,A,1,0.694,9.21907627865782
1,9982480,C,T,1,0.715,2.924980308126886
1,9982490,T,C,1,0.976,5.540081232116958
1,9982508,G,C,1,0.887,9.944174825153857
1,9982511,T,A,1,0.894,7.611598053468531
1,9982540,C,T,1,0.942,2.924980308126886
1,9982541,G,A,1,0.952,2.9956113462030727
1,9982570,C,T,1,0.869,6.603975354667746
1,9982571,G,T,1,0.93,7.752860129620904
1,9982577,T,C,1,0.977,6.603975354667746
1,9982578,G,T,1,0.83,11.431855176161765
1,9982582,C,T,1,0.908,9.007183164429259
1,9982597,G,C,1,0.23,9.944174825153857
1,9982630,G,A,1,0.694,6.886499506972493
1,9982678,A,G,1,0.396,5.540081232116958
1,10258602,A,T,1,0.95,7.611598053468531
1,10660483,C,T,1,0.215,2.9956113462030727
1,10976227,G,A,1,0.004,3.2075044604316334
1,11018836,A,G,1,0.84,3.2075044604316334
1,11022196,A,G,1,0.874,3.2075044604316334
1,11022268,G,A,1,0.422,2.9956113462030727
1,11022290,G,T,1,0.534,10.01480586323004
1,11022292,G,A,1,0.501,2.9956113462030727
1,11022301,G,A,1,0.493,2.9956113462030727
1,11022340,A,G,1,0.436,6.886499506972493
1,11022352,G,A,1,0.509,2.924980308126885
1,11022371,C,A,1,0.645,7.752860129620904
1,11022400,C,A,1,0.659,11.643748290390326
1,11022418,A,G,1,0.7,3.2075044604316334
1,11022437,A,G,1,0.766,8.936552126353071
1,11022444,C,A,1,0.341,13.76443194784709
1,11022451,G,T,1,0.723,7.682229091544718
1,11022452,G,T,1,0.55,10.01480586323004
1,11022464,A,G,1,0.275,5.257557079812211
1,11022469,C,G,1,0.379,7.611598053468531
1,11022532,A,G,1,0.104,2.9956113462030727
1,11022538,T,C,1,0.287,6.674606392743932
1,11022541,A,G,1,0.245,2.924980308126885
1,11022542,A,G,1,0.241,2.924980308126885
1,11022553,G,A,1,0.518,2.9956113462030727
1,11022556,A,G,1,0.377,2.924980308126885
1,11043364,G,C,1,0.013,7.611598053468531
1,11108280,T,C,1,0.634,6.603975354667746
1,11109317,T,A,1,0.584,7.611598053468531
1,11109318,A,C,1,0.368,7.682229091544718
1,11114326,A,G,1,0.95,6.603975354667746
1,11114329,C,G,1,0.779,7.611598053468531
1,11114338,A,G,1,0.924,8.936552126353071
1,11114338,A,T,1,0.93,7.611598053468531
1,11114363,C,T,1,0.911,9.007183164429259
1,11114380,C,A,1,0.798,11.643748290390326
1,11114402,C,T,1,0.83,5.328188117888398
1,11115409,C,T,1,0.923,5.328188117888398
1,11117039,C,T,1,0.838,6.603975354667746
1,11124501,A,G,1,0.944,8.936552126353071
1,11124516,G,A,1,0.817,6.603975354667746
1,11124516,G,T,1,0.857,11.361224138085577
1,11124517,A,G,1,0.723,3.2075044604316334
1,11126691,T,C,1,0.735,2.924980308126885
1,11127055,G,T,1,0.753,13.97632506207565
1,11127134,C,T,1,0.494,5.328188117888398
1,11127790,A,G,1,0.724,6.886499506972493
1,11128107,G,A,1,0.771,6.886499506972493
1,11128107,G,C,1,0.876,9.944174825153857
1,11128107,G,T,1,0.881,11.643748290390326
1,11128120,T,A,1,0.86,9.944174825153857
1,11128125,G,A,1,0.906,2.924980308126885
1,11129788,G,T,1,0.808,11.361224138085577
1,11129789,A,C,1,0.951,7.964753243849465
1,11129790,A,G,1,0.888,6.603975354667746
1,11129792,C,A,1,0.889,7.682229091544718
1,11130734,T,G,1,0.597,11.431855176161765
1,11130747,C,T,1,0.638,6.674606392743932
1,11130762,C,T,1,0.873,2.924980308126886
1,11139429,C,A,1,0.325,11.361224138085577
1,11139570,A,G,1,0.916,6.603975354667746
1,11144735,C,T,1,0.869,6.603975354667746
1,11145030,T,C,1,0.814,6.603975354667746
1,11150140,G,A,1,0.772,5.328188117888398
1,11150146,G,A,1,0.675,5.328188117888398
1,11157153,A,G,1,0.81,8.936552126353071
1,11157173,C,A,1,0.947,7.964753243849465
1,11157173,C,T,1,0.951,3.2075044604316334
1,11157174,A,G,1,0.847,6.603975354667746
1,11157242,A,G,1,0.797,6.603975354667746
1,11157245,G,T,1,0.743,10.08543690130623
1,11157255,A,C,1,0.866,11.431855176161765
1,11157265,T,A,1,0.41,7.611598053468531
1,11157273,A,C,1,0.822,7.682229091544718
1,11167473,A,G,1,0.783,5.540081232116958
1,11199261,A,G,1,0.724,3.2075044604316334
1,11199327,T,C,1,0.589,3.2075044604316334
1,11238588,A,G,1,0.777,6.674606392743932
1,11273836,A,G,1,0.858,6.674606392743932
1,11273866,A,G,1,0.87,8.936552126353071
1,11273886,A,G,1,0.839,8.936552126353071
1,11273893,T,G,1,0.903,7.964753243849465
1,11274042,T,C,1,0.913,8.936552126353071
1,11274055,C,T,1,0.933,6.886499506972493
1,11274060,G,C,1,0.91,7.611598053468531
1,11274060,G,C,1,0.513,7.611598053468531
1,11285644,G,A,1,0.944,6.603975354667746
1,11285670,G,A,1,0.938,2.9956113462030727
1,11285809,A,G,1,0.88,6.674606392743932
1,11285822,C,G,1,0.954,7.611598053468531
1,11285832,G,A,1,0.915,3.2075044604316334
1,11676926,A,T,1,0.837,7.611598053468531
1,11790768,A,G,1,0.487,6.674606392743932
1,11790843,G,C,1,0.525,7.611598053468531
1,11790858,A,C,1,0.761,13.693800909770902
1,11791235,A,C,1,0.848,11.431855176161765
1,11791244,G,A,1,0.86,2.924980308126886
1,11792307,G,A,1,0.595,2.9956113462030727
1,11793921,A,C,1,0.826,7.682229091544718
1,11794389,A,G,1,0.835,8.936552126353071
1,11794401,A,G,1,0.919,6.886499506972493
1,11794442,C,G,1,0.808,7.611598053468531
1,11794443,C,G,1,0.825,7.611598053468531
1,11794765,C,T,1,0.939,6.603975354667746
1,11794781,T,C,1,0.689,3.2075044604316334
1,11794825,C,T,1,0.894,2.924980308126885
1,11794826,G,A,1,0.867,5.328188117888398
1,11794853,G,A,1,0.685,2.924980308126885
1,11794862,G,A,1,0.889,2.924980308126886
1,11795114,A,C,1,0.851,11.431855176161765
1,11795116,A,G,1,0.685,3.2075044604316334
1,11795158,T,C,1,0.909,6.886499506972493
1,11795161,A,G,1,0.987,6.603975354667746
1,11796222,C,A,1,0.957,10.01480586323004
1,11796259,A,C,1,0.896,11.643748290390326
1,11796306,G,A,1,0.958,3.2075044604316334
1,11796313,T,G,1,0.629,11.431855176161765
1,11796382,G,T,1,0.837,7.752860129620904
1,11796384,T,G,1,0.887,11.361224138085577
1,11796399,C,T,1,0.943,9.007183164429259
1,11800214,G,A,1,0.988,2.924980308126885
1,11800250,C,T,1,0.905,6.603975354667746
1,11800275,C,T,1,0.898,2.9956113462030727
1,11800322,T,C,1,0.977,6.674606392743932
1,11801166,C,T,1,0.957,2.924980308126885
1,11801177,G,C,1,0.892,7.611598053468531
1,11801196,T,G,1,0.475,13.693800909770902
1,11801248,A,G,1,0.976,8.936552126353071
1,11801299,C,A,1,0.783,10.08543690130623
1,11801299,C,T,1,0.899,5.328188117888398
1,11801399,C,A,1,0.73,13.76443194784709
1,11802915,G,C,1,0.879,7.611598053468531
1,11802917,G,A,1,0.961,5.328188117888398
1,11802941,C,G,1,0.805,7.611598053468531
1,11802962,C,T,1,0.758,6.603975354667746
1,11802965,C,G,1,0.828,7.611598053468531
1,11802980,C,T,1,0.271,2.924980308126885
1,11803115,A,G,1,0.611,6.886499506972493
1,11803115,A,T,1,0.683,7.611598053468531
1,11803116,T,C,1,0.632,6.603975354667746
1,11824504,A,C,1,0.926,11.643748290390326
1,11934780,A,G,1,0.265,6.886499506972493
1,11934782,G,A,1,0.221,6.603975354667746
1,11949858,T,C,1,0.601,8.936552126353071
1,11970750,G,C,1,0.646,7.611598053468531
1,11972968,G,A,1,0.837,5.257557079812211
1,11974656,G,A,1,0.893,2.924980308126885
1,11989322,G,A,1,0.823,6.886499506972493
1,11992584,G,T,1,0.691,10.01480586323004
1,11992606,T,C,1,0.721,8.936552126353071
1,11992641,A,C,1,0.713,11.643748290390326
1,11992641,A,T,1,0.887,7.611598053468531
1,11992642,T,C,1,0.937,6.674606392743932
1,11992654,T,C,1,0.979,6.603975354667746
1,11992659,C,G,1,0.87,7.611598053468531
1,11992659,C,T,1,0.926,2.924980308126885
1,11992660,G,A,1,0.929,2.9956113462030727
1,11992660,G,T,1,0.921,7.752860129620904
1,11992662,A,G,1,0.718,6.603975354667746
1,11992664,G,C,1,0.735,7.611598053468531
1,11992664,G,T,1,0.735,7.752860129620904
1,11992689,C,T,1,0.933,2.924980308126885
1,11992690,G,A,1,0.941,5.328188117888398
1,11996157,A,G,1,0.821,8.936552126353071
1,11996158,C,T,1,0.939,5.328188117888398
1,11996161,G,A,1,0.746,2.9956113462030727
1,11996162,C,G,1,0.922,7.611598053468531
1,11996170,A,G,1,0.924,6.674606392743932
1,11996178,G,A,1,0.863,3.2075044604316334
1,11996223,G,C,1,0.894,7.611598053468531
1,11996226,C,A,1,0.829,7.964753243849465
1,11996226,C,T,1,0.942,3.2075044604316334
1,11996227,A,G,1,0.905,6.674606392743932
1,11996239,G,A,1,0.921,6.674606392743932
1,11996239,G,T,1,0.936,11.431855176161765
1,11996245,T,A,1,0.965,7.611598053468531
1,11996280,C,T,1,0.85,6.886499506972493
1,11996293,G,T,1,0.83,7.752860129620904
1,11997301,T,G,1,0.98,11.431855176161765
1,11997315,C,G,1,0.889,9.944174825153857
1,11997315,C,T,1,0.933,2.924980308126885
1,11997316,A,C,1,0.949,11.643748290390326
1,11997316,A,G,1,0.901,6.886499506972493
1,11997317,T,A,1,0.615,7.611598053468531
1,11997317,T,G,1,0.615,11.361224138085577
1,11997319,C,T,1,0.875,2.924980308126886
1,11998775,G,C,1,0.959,7.611598053468531
1,11998786,A,G,1,0.771,8.936552126353071
1,11998787,C,T,1,0.889,5.328188117888398
1,11998798,G,T,1,0.955,11.643748290390326
1,11998799,A,G,1,0.925,6.674606392743932
1,11998808,T,A,1,0.932,7.611598053468531
1,11998808,T,C,1,0.851,5.540081232116959
1,11998817,T,C,1,0.794,2.924980308126885
1,11998820,G,T,1,0.867,11.643748290390326
1,11998826,A,G,1,0.941,6.886499506972493
1,11998828,G,A,1,0.912,9.007183164429259
1,11998829,C,T,1,0.877,6.886499506972493
1,11998834,G,C,1,0.715,7.611598053468531
1,11998839,T,A,1,0.701,9.944174825153857
1,11998858,G,A,1,0.909,6.886499506972493
1,11998861,T,A,1,0.843,7.611598053468531
1,11998861,T,C,1,0.884,8.936552126353071
1,11998862,C,T,1,0.972,5.328188117888398
1,11998864,A,C,1,0.799,11.361224138085577
1,11998865,C,G,1,0.645,7.611598053468531
1,11998870,A,G,1,0.781,3.2075044604316334
1,11998870,A,T,1,0.729,9.944174825153857
1,11998871,T,A,1,0.766,7.611598053468531
1,11998872,G,A,1,0.707,9.007183164429259
1,11998875,G,C,1,0.778,7.611598053468531
1,11998875,G,T,1,0.778,11.643748290390326
1,11998990,A,C,1,0.788,7.682229091544718
1,11998990,A,T,1,0.788,7.611598053468531
1,11998997,T,C,1,0.931,3.2075044604316334
1,11998997,T,G,1,0.977,7.964753243849465
1,11998999,C,A,1,0.801,11.361224138085577
1,11998999,C,G,1,0.801,7.611598053468531
1,11999003,C,T,1,0.87,6.886499506972493
1,11999009,G,A,1,0.911,6.886499506972493
1,11999009,G,T,1,0.83,11.643748290390326
1,11999010,T,G,1,0.975,11.431855176161765
1,11999021,C,G,1,0.746,9.944174825153857
1,11999025,C,G,1,0.904,7.611598053468531
1,11999025,C,T,1,0.943,2.924980308126885
1,11999030,C,G,1,0.934,7.611598053468531
1,11999030,C,T,1,0.882,5.328188117888398
1,11999031,C,G,1,0.883,7.611598053468531
1,11999031,C,T,1,0.947,5.257557079812211
1,11999033,A,G,1,0.851,5.540081232116959
1,11999054,C,A,1,0.945,7.682229091544718
1,11999054,C,T,1,0.952,2.924980308126886
1,11999055,G,T,1,0.95,7.752860129620904
1,11999064,C,T,1,0.751,6.603975354667746
1,12001402,T,G,1,0.949,11.361224138085577
1,12001404,C,T,1,0.826,5.257557079812211
1,12001412,G,T,1,0.92,10.08543690130623
1,12001414,A,G,1,0.946,6.674606392743932
1,12001422,C,T,1,0.864,2.9956113462030727
1,12001423,G,A,1,0.916,2.924980308126885
1,12001423,G,C,1,0.955,9.944174825153857
1,12002010,C,G,1,0.861,7.611598053468531
1,12002012,A,G,1,0.956,6.886499506972493
1,12002013,A,C,1,0.937,11.431855176161765
1,12002014,G,C,1,0.806,9.944174825153857
1,12002021,C,G,1,0.781,7.611598053468531
1,12002024,C,T,1,0.935,6.886499506972493
1,12002025,A,C,1,0.941,11.431855176161765
1,12002025,A,G,1,0.936,6.674606392743932
1,12002026,C,G,1,0.81,7.611598053468531
1,12002028,C,T,1,0.828,2.924980308126885
1,12002033,C,T,1,0.864,5.257557079812211
1,12002034,G,A,1,0.735,2.924980308126885
1,12002034,G,C,1,0.918,7.611598053468531
1,12002043,A,C,1,0.822,11.431855176161765
1,12002069,A,G,1,0.794,3.2075044604316334
1,12002070,T,G,1,0.988,11.361224138085577
1,12002088,C,T,1,0.551,2.924980308126885
1,12002091,C,T,1,0.837,3.2075044604316334
1,12004858,C,G,1,0.461,7.611598053468531
1,12007126,G,C,1,0.976,7.611598053468531
1,12009641,C,T,1,0.839,2.924980308126885
1,12009642,G,C,1,0.81,9.944174825153857
1,12009651,T,C,1,0.984,8.936552126353071
1,12009692,C,A,1,0.65,11.361224138085577
1,12009692,C,G,1,0.725,7.611598053468531
1,12009693,T,C,1,0.972,3.2075044604316334
1,12011503,G,A,1,0.859,6.603975354667746
1,12011504,C,T,1,0.853,5.257557079812211
1,12011510,G,C,1,0.836,9.944174825153857
1,12011511,G,T,1,0.895,11.361224138085577
1,12011513,T,G,1,0.958,11.361224138085577
1,12011523,G,C,1,0.648,7.611598053468531
1,12277097,T,G,1,0.514,7.682229091544718
1,12277157,G,A,1,0.493,2.9956113462030727
1,12277157,G,A,1,0.248,2.9956113462030727
1,12349244,C,T,1,0.434,2.924980308126885
1,12368581,A,G,1,0.525,6.674606392743932
1,12368581,A,G,1,0.352,6.674606392743932
1,12416736,T,C,1,0.531,5.257557079812211
1,12416736,T,C,1,0.598,5.257557079812211
1,12456059,G,A,1,0.773,2.924980308126885
1,12456059,G,A,1,0.518,2.924980308126885
1,12456080,C,T,1,0.263,9.21907627865782
1,12460264,G,A,1,0.516,3.2075044604316334
1,12460264,G,A,1,0.521,3.2075044604316334
1,12497580,C,A,1,0.428,7.682229091544718
1,12578905,C,T,1,0.78,2.9956113462030727
1,15438466,T,C,1,0.77,6.674606392743932
1,15443526,G,A,1,0.964,2.9956113462030727
1,15461640,C,T,1,0.914,2.924980308126885
1,15462758,C,A,1,0.399,7.964753243849465
1,15463390,G,A,1,0.867,6.886499506972493
1,15580137,C,T,1,0.901,6.886499506972493
1,15931437,G,A,1,0.03,6.603975354667746
1,16024773,G,C,1,0.889,7.611598053468531
1,16033225,G,T,1,0.882,7.752860129620904
1,16045686,G,C,1,0.848,7.611598053468531
1,16046579,C,T,1,0.769,2.924980308126886
1,16047905,G,T,1,0.951,11.361224138085577
1,16047917,C,T,1,0.903,2.924980308126885
1,16048036,G,T,1,0.928,7.682229091544718
1,16048352,G,A,1,0.799,9.21907627865782
1,16048537,G,A,1,0.724,2.924980308126885
1,16049200,G,C,1,0.869,7.611598053468531
1,16049225,C,T,1,0.519,2.924980308126885
1,16050593,C,A,1,0.929,11.361224138085577
1,16050598,C,T,1,0.751,2.924980308126885
1,16051038,T,C,1,0.823,8.936552126353071
1,16051520,G,A,1,0.97,2.924980308126885
1,16051544,T,C,1,0.563,5.257557079812211
1,16051721,G,A,1,0.959,5.257557079812211
1,16051724,C,T,1,0.964,2.924980308126885
1,16051725,G,A,1,0.953,2.924980308126885
1,16051728,T,C,1,0.92,6.674606392743932
1,16051736,G,A,1,0.871,3.2075044604316334
1,16051737,A,G,1,0.795,6.674606392743932
1,16051812,C,T,1,0.884,6.886499506972493
1,16051820,G,C,1,0.988,7.611598053468531
1,16125304,C,A,1,0.752,10.01480586323004
1,16129440,G,A,1,0.336,6.886499506972493
1,16131843,C,T,1,0.814,2.924980308126885
1,16133226,C,A,1,0.658,11.643748290390326
1,16986346,G,A,1,0.224,5.328188117888398
1,16986864,A,C,1,0.822,13.693800909770902
1,16988455,C,T,1,0.947,2.924980308126886
1,16989739,A,C,1,0.74,11.643748290390326
1,16993828,G,A,1,0.982,3.2075044604316334
1,16996008,C,G,1,0.714,7.611598053468531
1,17022615,C,T,1,0.955,6.886499506972493
1,17022627,C,T,1,0.969,6.886499506972493
1,17022628,A,G,1,0.953,6.674606392743932
1,17022629,G,C,1,0.866,7.611598053468531
1,17022644,G,C,1,0.899,7.611598053468531
1,17022645,C,A,1,0.945,7.964753243849465
1,17022646,A,G,1,0.966,6.603975354667746
1,17022648,C,T,1,0.944,2.924980308126886
1,17022649,G,A,1,0.984,5.328188117888398
1,17022649,G,T,1,0.948,10.08543690130623
1,17022672,A,G,1,0.983,8.936552126353071
1,17022684,C,A,1,0.971,7.682229091544718
1,17022684,C,T,1,0.94,2.924980308126885
1,17022685,G,A,1,0.967,2.9956113462030727
1,17022685,G,C,1,0.963,7.611598053468531
1,17022720,C,G,1,0.935,7.611598053468531
1,17022723,C,A,1,0.96,7.752860129620904
1,17022723,C,G,1,0.974,7.611598053468531
1,17022724,G,A,1,0.988,5.257557079812211
1,17022724,G,C,1,0.966,7.611598053468531
1,17022724,G,T,1,0.983,10.01480586323004
1,17023973,C,A,1,0.911,13.97632506207565
1,17023974,T,C,1,0.973,8.936552126353071
1,17023992,C,T,1,0.961,2.924980308126885
1,17023993,C,T,1,0.952,2.9956113462030727
1,17024015,C,A,1,0.925,10.08543690130623
1,17024017,A,G,1,0.99,6.674606392743932
1,17024025,G,C,1,0.991,7.611598053468531
1,17024026,G,A,1,0.981,2.924980308126885
1,17024028,C,T,1,0.943,3.2075044604316334
1,17024029,A,G,1,0.958,8.936552126353071
1,17024040,C,T,1,0.942,6.886499506972493
1,17024041,A,G,1,0.972,8.936552126353071
1,17024043,C,T,1,0.955,9.21907627865782
1,17024048,A,C,1,0.898,11.431855176161765
1,17024049,C,A,1,0.944,11.643748290390326
1,17024049,C,T,1,0.948,6.886499506972493
1,17024058,C,T,1,0.94,6.886499506972493
1,17028605,C,A,1,0.857,11.361224138085577
1,17028607,A,G,1,0.964,6.674606392743932
1,17028610,T,C,1,0.967,6.603975354667746
1,17028611,C,A,1,0.931,11.431855176161765
1,17028628,T,G,1,0.96,11.431855176161765
1,17028637,G,C,1,0.949,7.611598053468531
1,17028643,A,C,1,0.979,7.682229091544718
1,17028671,C,A,1,0.728,11.361224138085577
1,17028685,C,G,1,0.889,9.944174825153857
1,17028685,C,T,1,0.91,6.603975354667746
1,17028712,T,C,1,0.832,3.2075044604316334
1,17028721,C,T,1,0.922,6.603975354667746
1,17028727,C,T,1,0.954,2.9956113462030727
1,17028730,C,T,1,0.931,6.886499506972493
1,17028731,A,G,1,0.957,6.674606392743932
1,17028736,C,T,1,0.927,2.9956113462030727
1,17033060,C,T,1,0.967,6.603975354667746
1,17033068,C,T,1,0.945,6.603975354667746
1,17033069,A,G,1,0.863,6.886499506972493
1,17033072,A,G,1,0.969,3.2075044604316334
1,17033086,A,G,1,0.956,5.257557079812211
1,17033125,T,A,1,0.934,7.611598053468531
1,17033125,T,C,1,0.949,6.603975354667746
1,17033125,T,G,1,0.939,11.361224138085577
1,17033140,C,A,1,0.957,7.752860129620904
1,17033143,C,T,1,0.769,6.603975354667746
1,17044767,A,G,1,0.979,2.924980308126885
1,17044767,A,T,1,0.984,7.611598053468531
1,17044824,C,A,1,0.927,11.431855176161765
1,17044824,C,T,1,0.911,6.674606392743932
1,17044825,G,C,1,0.932,7.611598053468531
1,17044834,C,G,1,0.647,7.611598053468531
1,17044843,T,C,1,0.948,6.674606392743932
1,17054017,C,T,1,0.678,2.924980308126885
1,17054019,T,A,1,0.692,7.611598053468531
1,17054019,T,C,1,0.699,6.674606392743932
1,17262194,T,A,1,0.454,7.611598053468531
1,17267938,C,T,1,0.112,6.603975354667746
1,17280704,C,T,1,0.206,5.257557079812211
1,17282897,C,A,1,0.752,7.682229091544718
1,17283039,G,A,1,0.544,6.603975354667746
1,17697186,G,A,1,0.308,9.21907627865782
1,18634383,C,T,1,0.975,5.257557079812211
1,19119624,C,T,1,0.566,9.007183164429259
1,19151825,T,C,1,0.125,3.2075044604316334
1,19155051,C,T,1,0.387,5.257557079812211
1,19232652,G,T,1,0.416,7.682229091544718
1,19232655,G,T,1,0.388,10.08543690130623
1,19232662,G,A,1,0.438,5.328188117888398
1,19232662,G,A,1,0.362,5.328188117888398
1,19235150,C,T,1,0.221,2.9956113462030727
1,19235151,C,G,1,0.281,9.944174825153857
1,19235151,C,G,1,0.288,9.944174825153857
1,19243991,G,A,1,0.148,3.2075044604316334
1,19251508,A,C,1,0.284,11.643748290390326
1,19251508,A,G,1,0.285,6.886499506972493
1,19251509,T,C,1,0.265,6.674606392743932
1,20633925,A,C,1,0.353,13.693800909770902
1,20637956,G,C,1,0.75,7.611598053468531
1,20638104,C,A,1,0.882,10.08543690130623
1,20644526,C,A,1,0.77,7.682229091544718
1,20644639,G,A,1,0.659,2.924980308126885
1,20644651,C,T,1,0.564,2.924980308126885
1,20645640,T,C,1,0.824,8.936552126353071
1,20648543,T,C,1,0.648,6.603975354667746
1,20648577,C,T,1,0.468,5.328188117888398
1,20648606,G,A,1,0.752,5.328188117888398
1,20654614,C,G,1,0.355,7.611598053468531
1,20654660,C,T,1,0.801,5.257557079812211
1,21220008,G,A,1,0.661,5.328188117888398
1,21225324,C,T,1,0.646,5.328188117888398
1,21225411,G,A,1,0.768,2.9956113462030727
1,21247317,A,C,1,0.857,7.964753243849465
1,21554082,A,G,1,0.554,6.886499506972493
1,21554083,T,C,1,0.679,6.674606392743932
1,21554084,G,A,1,0.533,6.603975354667746
1,21554084,G,C,1,0.533,9.944174825153857
1,21554098,T,C,1,0.624,5.540081232116958
1,21554110,T,C,1,0.307,3.2075044604316334
1,21554131,C,T,1,0.803,2.9956113462030727
1,21560646,T,G,1,0.89,7.964753243849465
1,21560647,A,G,1,0.908,6.674606392743932
1,21560649,T,C,1,0.879,6.603975354667746
1,21560662,C,G,1,0.73,9.944174825153857
1,21560662,C,T,1,0.874,2.924980308126886
1,21560674,T,C,1,0.936,6.674606392743932
1,21560682,G,A,1,0.657,6.603975354667746
1,21560682,G,A,1,0.503,6.603975354667746
1,21560683,C,T,1,0.793,2.924980308126886
1,21560683,C,T,1,0.519,2.924980308126886
1,21560703,A,C,1,0.574,7.964753243849465
1,21560715,G,T,1,0.908,7.752860129620904
1,21560715,G,T,1,0.641,7.752860129620904
1,21560716,C,T,1,0.865,5.257557079812211
1,21560728,T,A,1,0.968,7.611598053468531
1,21560728,T,A,1,0.562,7.611598053468531
1,21560737,T,C,1,0.985,6.603975354667746
1,21560737,T,C,1,0.654,6.603975354667746
1,21561097,G,A,1,0.982,2.9956113462030727
1,21561099,A,G,1,0.972,6.886499506972493
1,21561101,G,A,1,0.963,6.603975354667746
1,21561101,G,C,1,0.963,7.611598053468531
1,21561102,G,C,1,0.989,7.611598053468531
1,21561102,G,T,1,0.981,7.752860129620904
1,21561103,G,T,1,0.992,7.964753243849465
1,21561112,C,G,1,0.95,9.944174825153857
1,21561118,C,T,1,0.971,2.924980308126885
1,21561120,G,A,1,0.846,2.9956113462030727
1,21561126,C,A,1,0.962,7.682229091544718
1,21561126,C,G,1,0.988,9.944174825153857
1,21561126,C,T,1,0.987,2.924980308126885
1,21561127,G,A,1,0.975,5.328188117888398
1,21561127,G,C,1,0.992,7.611598053468531
1,21561129,A,G,1,0.754,6.886499506972493
1,21561130,T,C,1,0.945,6.603975354667746
1,21561138,G,A,1,0.976,2.9956113462030727
1,21561139,G,A,1,0.968,3.2075044604316334
1,21561142,A,G,1,0.964,8.936552126353071
1,21561143,G,T,1,0.912,10.08543690130623
1,21561159,G,A,1,0.945,2.924980308126885
1,21561159,G,C,1,0.945,7.611598053468531
1,21561165,G,A,1,0.895,6.886499506972493
1,21561166,A,T,1,0.952,7.611598053468531
1,21561168,A,C,1,0.74,13.693800909770902
1,21561192,C,T,1,0.932,2.924980308126886
1,21561193,C,T,1,0.955,5.328188117888398
1,21561199,T,A,1,0.948,7.611598053468531
1,21563111,C,T,1,0.953,2.9956113462030727
1,21563113,T,G,1,0.97,11.643748290390326
1,21563117,A,C,1,0.745,11.431855176161765
1,21563117,A,T,1,0.832,9.944174825153857
1,21563118,C,A,1,0.833,11.643748290390326
1,21563126,C,A,1,0.734,7.682229091544718
1,21563129,A,G,1,0.942,8.936552126353071
1,21563130,G,C,1,0.874,7.611598053468531
1,21563131,G,A,1,0.692,9.21907627865782
1,21563135,C,T,1,0.953,3.2075044604316334
1,21563139,C,A,1,0.89,11.643748290390326
1,21563143,G,A,1,0.944,2.924980308126885
1,21563144,C,T,1,0.967,5.257557079812211
1,21563146,G,A,1,0.763,2.924980308126885
1,21563146,G,C,1,0.959,9.944174825153857
1,21563147,G,C,1,0.729,7.611598053468531
1,21563152,G,A,1,0.927,2.924980308126885
1,21563156,C,T,1,0.979,2.924980308126885
1,21563158,G,A,1,0.973,2.924980308126885
1,21563158,G,T,1,0.922,7.682229091544718
1,21563173,G,A,1,0.913,3.2075044604316334
1,21563180,C,A,1,0.881,10.08543690130623
1,21563194,G,A,1,0.771,3.2075044604316334
1,21563198,G,A,1,0.976,2.924980308126885
1,21563206,G,A,1,0.857,2.9956113462030727
1,21563207,C,G,1,0.697,7.611598053468531
1,21563207,C,T,1,0.813,3.2075044604316334
1,21563213,C,A,1,0.581,11.643748290390326
1,21563213,C,G,1,0.276,9.944174825153857
1,21563218,C,T,1,0.832,2.9956113462030727
1,21563219,G,A,1,0.698,2.924980308126885
1,21563219,G,C,1,0.772,9.944174825153857
1,21563219,G,T,1,0.657,7.682229091544718
1,21563225,G,C,1,0.462,7.611598053468531
1,21563234,C,A,1,0.893,10.08543690130623
1,21563234,C,T,1,0.945,5.328188117888398
1,21563254,A,G,1,0.752,8.936552126353071
1,21563255,C,T,1,0.698,5.328188117888398
1,21563269,T,A,1,0.639,7.611598053468531
1,21563273,C,T,1,0.934,5.328188117888398
1,21564052,G,A,1,0.993,2.924980308126886
1,21564053,G,A,1,0.988,5.328188117888398
1,21564053,G,T,1,0.981,10.08543690130623
1,21564065,C,T,1,0.979,5.328188117888398
1,21564068,C,A,1,0.962,10.08543690130623
1,21564068,C,T,1,0.979,5.328188117888398
1,21564076,A,G,1,0.652,3.2075044604316334
1,21564079,C,G,1,0.953,9.944174825153857
1,21564079,C,T,1,0.994,6.603975354667746
1,21564080,A,G,1,0.99,6.886499506972493
1,21564085,A,G,1,0.894,6.603975354667746
1,21564086,C,T,1,0.954,2.924980308126885
1,21564088,C,T,1,0.951,2.924980308126885
1,21564094,G,A,1,0.898,2.924980308126885
1,21564095,C,T,1,0.887,2.924980308126885
1,21564097,G,T,1,0.446,7.682229091544718
1,21564100,T,C,1,0.913,6.886499506972493
1,21564103,G,A,1,0.936,5.257557079812211
1,21564104,C,T,1,0.884,2.924980308126885
1,21564110,C,G,1,0.838,7.611598053468531
1,21564110,C,T,1,0.794,2.924980308126885
1,21564118,C,G,1,0.946,7.611598053468531
1,21564118,C,T,1,0.936,5.257557079812211
1,21564119,G,A,1,0.971,2.924980308126885
1,21564130,T,C,1,0.911,6.674606392743932
1,21564139,G,A,1,0.844,6.886499506972493
1,21564139,G,C,1,0.745,7.611598053468531
1,21564140,A,G,1,0.809,6.674606392743932
1,21564143,T,C,1,0.953,6.603975354667746
1,21564169,T,C,1,0.948,6.674606392743932
1,21564185,A,G,1,0.747,6.603975354667746
1,21564190,C,T,1,0.921,6.886499506972493
1,21564197,A,G,1,0.903,6.603975354667746
1,21564202,A,T,1,0.746,7.611598053468531
1,21564212,T,C,1,0.939,5.540081232116958
1,21568108,T,C,1,0.972,6.674606392743932
1,21568110,A,G,1,0.736,3.2075044604316334
1,21568112,G,T,1,0.645,11.361224138085577
1,21568113,G,A,1,0.986,5.257557079812211
1,21568114,G,A,1,0.975,2.924980308126885
1,21568114,G,C,1,0.962,7.611598053468531
1,21568114,G,T,1,0.978,7.682229091544718
1,21568116,G,C,1,0.988,7.611598053468531
1,21568116,G,T,1,0.988,7.752860129620904
1,21568117,G,C,1,0.967,7.611598053468531
1,21568117,G,T,1,0.984,7.964753243849465
1,21568122,C,T,1,0.953,2.924980308126885
1,21568123,G,A,1,0.969,5.328188117888398
1,21568125,A,G,1,0.838,6.603975354667746
1,21568132,T,G,1,0.976,11.431855176161765
1,21568133,G,A,1,0.936,6.603975354667746
1,21568133,G,T,1,0.936,11.361224138085577
1,21568159,A,G,1,0.964,6.674606392743932
1,21568159,A,T,1,0.935,9.944174825153857
1,21568160,G,T,1,0.763,11.361224138085577
1,21568162,A,G,1,0.878,5.540081232116958
1,21568171,A,G,1,0.686,8.936552126353071
1,21568193,G,T,1,0.806,7.752860129620904
1,21568201,G,T,1,0.951,7.682229091544718
1,21568246,A,G,1,0.502,6.603975354667746
1,21570314,T,C,1,0.548,3.2075044604316334
1,21570316,C,G,1,0.427,7.611598053468531
1,21570326,C,T,1,0.923,2.924980308126886
1,21570327,G,A,1,0.896,2.9956113462030727
1,21570327,G,T,1,0.757,7.752860129620904
1,21570336,T,C,1,0.975,8.936552126353071
1,21573665,G,C,1,0.878,7.611598053468531
1,21573667,C,T,1,0.96,6.886499506972493
1,21573672,C,G,1,0.823,7.611598053468531
1,21573673,G,A,1,0.935,9.21907627865782
1,21573673,G,C,1,0.803,7.611598053468531
1,21573676,C,A,1,0.926,7.752860129620904
1,21573676,C,T,1,0.749,2.9956113462030727
1,21573677,C,T,1,0.796,3.2075044604316334
1,21573682,G,A,1,0.739,3.2075044604316334
1,21573682,G,T,1,0.958,7.964753243849465
1,21573683,A,C,1,0.946,11.431855176161765
1,21573683,A,G,1,0.924,6.674606392743932
1,21573685,A,C,1,0.339,7.964753243849465
1,21573685,A,G,1,0.888,3.2075044604316334
1,21573687,G,A,1,0.863,9.007183164429259
1,21573691,T,A,1,0.959,9.944174825153857
1,21573691,T,C,1,0.975,3.2075044604316334
1,21573691,T,G,1,0.986,7.964753243849465
1,21573696,G,T,1,0.313,10.08543690130623
1,21573698,T,C,1,0.926,6.674606392743932
1,21573718,G,T,1,0.84,7.964753243849465
1,21573719,A,T,1,0.903,7.611598053468531
1,21573721,C,T,1,0.962,2.924980308126886
1,21573733,G,A,1,0.94,3.2075044604316334
1,21573771,C,A,1,0.762,11.361224138085577
1,21573778,G,C,1,0.972,7.611598053468531
1,21573779,G,T,1,0.979,7.752860129620904
1,21573781,T,C,1,0.991,6.886499506972493
1,21573782,T,G,1,0.985,11.431855176161765
1,21573783,C,G,1,0.918,7.611598053468531
1,21573784,T,C,1,0.943,3.2075044604316334
1,21575735,G,A,1,0.79,2.924980308126885
1,21575735,G,C,1,0.908,7.611598053468531
1,21575736,G,A,1,0.891,2.9956113462030727
1,21575742,T,C,1,0.936,3.2075044604316334
1,21575744,G,A,1,0.82,6.886499506972493
1,21575745,A,G,1,0.964,8.936552126353071
1,21575750,G,A,1,0.831,5.257557079812211
1,21575750,G,C,1,0.826,7.611598053468531
1,21575751,G,A,1,0.889,2.924980308126885
1,21575753,C,T,1,0.864,3.2075044604316334
1,21575754,A,C,1,0.799,13.693800909770902
1,21575757,A,G,1,0.93,6.886499506972493
1,21575757,A,T,1,0.86,7.611598053468531
1,21575758,T,A,1,0.745,7.611598053468531
1,21575758,T,G,1,0.745,11.431855176161765
1,21575777,G,A,1,0.852,5.257557079812211
1,21575778,C,A,1,0.902,7.682229091544718
1,21575787,A,G,1,0.884,6.603975354667746
1,21575810,A,G,1,0.407,6.886499506972493
1,21575812,C,G,1,0.685,7.611598053468531
1,21575847,C,A,1,0.942,11.643748290390326
1,21575847,C,T,1,0.979,6.886499506972493
1,21575855,G,A,1,0.838,3.2075044604316334
1,21575865,C,T,1,0.967,2.924980308126886
1,21575867,G,C,1,0.981,7.611598053468531
1,21575867,G,T,1,0.97,7.964753243849465
1,21575868,A,G,1,0.974,8.936552126353071
1,21575868,A,T,1,0.98,7.611598053468531
1,21575870,C,A,1,0.945,11.361224138085577
1,21575877,A,G,1,0.972,8.936552126353071
1,21575879,G,A,1,0.758,6.886499506972493
1,21575880,T,A,1,0.95,9.944174825153857
1,21575885,A,C,1,0.815,11.431855176161765
1,21575891,G,C,1,0.976,7.611598053468531
1,21575891,G,T,1,0.949,13.76443194784709
1,21575892,G,A,1,0.97,9.21907627865782
1,21575897,T,C,1,0.891,5.540081232116959
1,21575898,A,G,1,0.958,2.9956113462030727
1,21575900,A,C,1,0.567,11.361224138085577
1,21575900,A,G,1,0.603,6.603975354667746
1,21575901,C,A,1,0.802,7.682229091544718
1,21575906,C,A,1,0.923,7.752860129620904
1,21575906,C,T,1,0.943,2.9956113462030727
1,21575907,G,A,1,0.959,3.2075044604316334
1,21575913,A,G,1,0.468,6.674606392743932
1,21575918,A,G,1,0.766,5.540081232116958
1,21575919,T,C,1,0.977,5.328188117888398
1,21576522,G,T,1,0.972,11.643748290390326
1,21576527,G,T,1,0.824,10.01480586323004
1,21576528,C,T,1,0.881,2.924980308126885
1,21576548,G,A,1,0.738,6.886499506972493
1,21576549,A,G,1,0.981,6.674606392743932
1,21576560,T,C,1,0.954,6.886499506972493
1,21576563,A,G,1,0.942,6.674606392743932
1,21576572,C,A,1,0.801,11.643748290390326
1,21576572,C,G,1,0.642,7.611598053468531
1,21576573,T,C,1,0.913,6.674606392743932
1,21576579,G,T,1,0.951,7.752860129620904
1,21576582,A,G,1,0.81,3.2075044604316334
1,21576590,G,A,1,0.942,2.924980308126885
1,21576591,G,A,1,0.953,2.9956113462030727
1,21576591,G,C,1,0.954,7.611598053468531
1,21576591,G,T,1,0.965,7.752860129620904
1,21576599,G,A,1,0.426,9.21907627865782
1,21576600,T,C,1,0.602,8.936552126353071
1,21576608,G,A,1,0.814,2.9956113462030727
1,21576608,G,T,1,0.922,7.752860129620904
1,21576609,G,A,1,0.867,3.2075044604316334
1,21576609,G,C,1,0.742,7.611598053468531
1,21576615,G,A,1,0.893,6.886499506972493
1,21576615,G,C,1,0.967,7.611598053468531
1,21576617,G,A,1,0.835,6.886499506972493
1,21576619,G,T,1,0.655,11.361224138085577
1,21576621,A,G,1,0.855,5.540081232116958
1,21576638,T,C,1,0.681,5.257557079812211
1,21576639,A,G,1,0.901,3.2075044604316334
1,21577395,A,C,1,0.931,11.361224138085577
1,21577400,G,A,1,0.6,5.257557079812211
1,21577401,C,A,1,0.625,7.682229091544718
1,21577401,C,G,1,0.652,9.944174825153857
1,21577401,C,T,1,0.735,2.924980308126885
1,21577406,T,C,1,0.903,6.674606392743932
1,21577407,C,G,1,0.837,7.611598053468531
1,21577409,G,A,1,0.792,5.328188117888398
1,21577421,C,T,1,0.756,5.257557079812211
1,21577427,G,A,1,0.974,6.886499506972493
1,21577429,G,T,1,0.778,11.643748290390326
1,21577433,C,T,1,0.984,3.2075044604316334
1,21577434,A,G,1,0.975,6.603975354667746
1,21577436,G,A,1,0.867,5.257557079812211
1,21577437,G,A,1,0.914,2.924980308126885
1,21577439,G,A,1,0.983,2.924980308126885
1,21577439,G,T,1,0.985,7.682229091544718
1,21577440,G,A,1,0.982,2.924980308126885
1,21577440,G,C,1,0.848,9.944174825153857
1,21577448,G,A,1,0.947,9.21907627865782
1,21577448,G,T,1,0.897,13.97632506207565
1,21577449,T,C,1,0.95,6.603975354667746
1,21577469,C,G,1,0.877,9.944174825153857
1,21577470,C,G,1,0.953,7.611598053468531
1,21577470,C,T,1,0.945,5.328188117888398
1,21577473,T,C,1,0.865,6.603975354667746
1,21577475,G,A,1,0.946,5.257557079812211
1,21577475,G,T,1,0.734,10.01480586323004
1,21577476,C,T,1,0.944,2.924980308126885
1,21577488,A,G,1,0.866,6.603975354667746
1,21577490,G,A,1,0.963,5.257557079812211
1,21577491,G,A,1,0.979,2.924980308126885
1,21577499,G,A,1,0.954,9.21907627865782
1,21577499,G,C,1,0.889,7.611598053468531
1,21577500,A,C,1,0.984,13.693800909770902
1,21577500,A,G,1,0.978,8.936552126353071
1,21577502,C,A,1,0.954,11.643748290390326
1,21577506,A,T,1,0.94,7.611598053468531
1,21577533,C,T,1,0.879,9.21907627865782
1,21577538,T,A,1,0.917,7.611598053468531
1,21577539,G,C,1,0.914,7.611598053468531
1,69134,A,G,0,0.075,6.886499506972493
1,925969,C,T,0,0.429,9.007183164429259
1,930165,G,A,0,0.257,2.924980308126885
1,930204,G,A,0,0.208,5.328188117888398
1,930248,G,A,0,0.086,9.007183164429259
1,930282,G,A,0,0.047,2.924980308126885
1,930285,G,A,0,0.022,2.924980308126885
1,930314,C,T,0,0.103,3.2075044604316334
1,930320,C,T,0,0.199,2.9956113462030727
1,931058,G,A,0,0.209,6.886499506972493
1,935779,G,A,0,0.255,2.924980308126886
1,935812,C,T,0,0.216,2.924980308126886
1,935849,G,C,0,0.022,7.611598053468531
1,935849,G,C,0,0.513,7.611598053468531
1,939076,G,A,0,0.119,5.257557079812211
1,939076,G,A,0,0.079,5.257557079812211
1,939334,C,T,0,0.157,2.924980308126885
1,939382,C,T,0,0.275,5.257557079812211
1,939429,G,C,0,0.003,7.611598053468531
1,939429,G,C,0,0.088,7.611598053468531
1,941224,A,G,0,0.061,6.603975354667746
1,942228,C,G,0,0.393,7.611598053468531
1,942228,C,G,0,0.299,7.611598053468531
1,942451,T,C,0,0.145,6.603975354667746
1,942453,G,C,0,0.019,7.611598053468531
1,942453,G,C,0,0.197,7.611598053468531
1,942606,C,T,0,0.04,2.924980308126885
1,942606,C,T,0,0.103,2.924980308126885
1,942809,C,T,0,0.022,2.9956113462030727
1,942870,A,G,0,0.044,3.2075044604316334
1,942870,A,G,0,0.071,3.2075044604316334
1,942930,T,C,0,0.124,3.2075044604316334
1,942945,C,T,0,0.089,2.9956113462030727
1,942945,C,T,0,0.045,2.9956113462030727
1,942951,C,T,0,0.027,5.257557079812211
1,942951,C,T,0,0.012,5.257557079812211
1,943273,A,G,0,0.022,6.886499506972493
1,943364,G,C,0,0.041,7.611598053468531
1,943364,G,C,0,0.088,7.611598053468531
1,943372,A,G,0,0.358,6.674606392743932
1,943762,C,G,0,0.015,7.611598053468531
1,943762,C,G,0,0.016,7.611598053468531
1,943765,A,C,0,0.196,11.431855176161765
1,943765,A,C,0,0.05,11.431855176161765
1,943984,G,A,0,0.038,2.924980308126885
1,943984,G,A,0,0.074,2.924980308126885
1,944001,C,T,0,0.072,6.886499506972493
1,944004,G,A,0,0.065,2.924980308126886
1,944029,C,G,0,0.13,7.611598053468531
1,944029,C,G,0,0.127,7.611598053468531
1,944101,G,C,0,0.102,7.611598053468531
1,944101,G,C,0,0.283,7.611598053468531
1,944719,T,G,0,0.117,11.361224138085577
1,944786,C,T,0,0.015,2.9956113462030727
1,945076,C,G,0,0.015,7.611598053468531
1,945094,G,C,0,0.011,7.611598053468531
1,945123,G,A,0,0.004,3.2075044604316334
1,945614,T,C,0,0.056,6.674606392743932
1,953846,C,T,0,0.016,2.924980308126885
1,956013,G,A,0,0.168,9.007183164429259
1,956121,T,C,0,0.06,3.2075044604316334
1,956139,T,C,0,0.021,8.936552126353071
1,956148,C,T,0,0.027,2.924980308126885
1,961309,A,G,0,0.045,6.603975354667746
1,961629,A,G,0,0.199,3.2075044604316334
1,962448,G,A,0,0.039,5.257557079812211
1,962773,C,A,0,0.223,7.964753243849465
1,966542,G,A,0,0.053,2.924980308126885
1,966543,C,A,0,0.106,7.752860129620904
1,966724,C,T,0,0.031,2.924980308126885
1,966753,C,G,0,0.072,7.611598053468531
1,970702,C,T,0,0.013,2.924980308126885
1,970720,C,T,0,0.029,2.924980308126885
1,970918,G,A,0,0.025,2.924980308126885
1,970920,G,A,0,0.051,2.924980308126885
1,970960,C,T,0,0.017,2.924980308126885
1,970978,C,T,0,0.082,2.924980308126885
1,970984,G,A,0,0.025,2.9956113462030727
1,971126,G,A,0,0.008,2.924980308126885
1,971152,C,T,0,0.016,6.603975354667746
1,972096,G,A,0,0.014,3.2075044604316334
1,972133,G,A,0,0.057,2.9956113462030727
1,972865,T,C,0,0.019,2.924980308126885
1,972895,G,A,0,0.05,5.257557079812211
1,972928,C,T,0,0.027,2.924980308126885
1,973204,C,T,0,0.038,2.9956113462030727
1,973223,G,A,0,0.02,2.9956113462030727
1,973264,G,A,0,0.024,2.924980308126885
1,973609,G,A,0,0.027,2.9956113462030727
1,973627,G,A,0,0.033,2.924980308126885
1,973842,G,A,0,0.162,2.924980308126885
1,973873,C,T,0,0.024,5.328188117888398
1,973888,C,T,0,0.052,2.924980308126885
1,973989,G,A,0,0.007,2.9956113462030727
1,974338,C,T,0,0.033,6.603975354667746
1,974447,C,T,0,0.041,2.924980308126885
1,974448,G,A,0,0.011,2.9956113462030727
1,974517,A,G,0,0.044,6.674606392743932
1,976215,A,G,0,0.016,8.936552126353071
1,979313,C,T,0,0.015,2.924980308126885
1,1014042,G,A,0,0.096,5.328188117888398
1,1014228,G,A,0,0.047,2.9956113462030727
1,1014317,G,A,0,0.112,2.924980308126885
1,1014401,G,A,0,0.105,5.257557079812211
1,1014471,G,C,0,0.012,7.611598053468531
1,1020183,G,C,0,0.13,7.611598053468531
1,1020297,A,C,0,0.27,11.361224138085577
1,1035307,C,T,0,0.324,3.2075044604316334
1,1041218,C,T,0,0.272,5.328188117888398
1,1041583,A,G,0,0.176,6.603975354667746
1,1041648,G,T,0,0.268,7.682229091544718
1,1041965,C,T,0,0.158,2.924980308126885
1,1041976,C,T,0,0.246,2.924980308126885
1,1042016,G,A,0,0.048,2.9956113462030727
1,1043382,G,A,0,0.205,2.924980308126886
1,1043421,G,A,0,0.079,5.257557079812211
1,1043440,C,T,0,0.018,2.924980308126885
1,1043594,G,A,0,0.571,3.2075044604316334
1,1044017,G,A,0,0.275,3.2075044604316334
1,1044340,G,A,0,0.56,2.924980308126885
1,1044368,A,T,0,0.233,7.611598053468531
1,1044401,A,G,0,0.083,6.603975354667746
1,1045172,G,A,0,0.123,5.257557079812211
1,1045176,C,T,0,0.406,2.924980308126885
1,1045188,T,C,0,0.131,6.603975354667746
1,1045751,A,G,0,0.036,6.886499506972493
1,1046478,C,T,0,0.095,2.924980308126885
1,1046562,C,A,0,0.173,10.08543690130623
1,1046833,G,C,0,0.138,7.611598053468531
1,1047342,A,G,0,0.192,6.603975354667746
1,1047589,G,A,0,0.127,5.328188117888398
1,1047863,C,T,0,0.549,2.924980308126885
1,1048126,C,T,0,0.059,2.924980308126885
1,1048186,G,A,0,0.048,5.257557079812211
1,1048224,C,T,0,0.176,2.924980308126885
1,1048315,G,A,0,0.251,5.328188117888398
1,1048900,G,A,0,0.298,2.9956113462030727
1,1049046,C,T,0,0.297,2.924980308126885
1,1049289,C,T,0,0.213,2.924980308126885
1,1049567,G,A,0,0.193,2.924980308126885
1,1049591,G,A,0,0.124,2.924980308126885
1,1049746,G,C,0,0.289,7.611598053468531
1,1050319,C,T,0,0.367,2.924980308126885
1,1050446,G,A,0,0.19,9.21907627865782
1,1050785,G,A,0,0.756,5.328188117888398
1,1051526,G,A,0,0.118,6.886499506972493
1,1051583,C,T,0,0.548,2.9956113462030727
1,1051618,G,C,0,0.466,7.611598053468531
1,1051618,G,C,0,0.774,7.611598053468531
1,1051811,G,A,0,0.258,3.2075044604316334
1,1051811,G,A,0,0.1,3.2075044604316334
1,1053827,G,C,0,0.111,7.611598053468531
1,1053827,G,C,0,0.318,7.611598053468531
1,1053914,C,T,0,0.547,2.924980308126885
1,1054917,A,G,0,0.08,6.603975354667746
1,1054962,G,A,0,0.164,2.924980308126885
1,1072043,C,T,0,0.131,2.924980308126885
1,1072101,C,T,0,0.19,5.257557079812211
1,1072505,A,G,0,0.173,3.2075044604316334
1,1179271,G,A,0,0.012,3.2075044604316334
1,1179276,G,A,0,0.014,2.924980308126885
1,1179674,C,T,0,0.009,5.328188117888398
1,1179675,G,A,0,0.015,6.886499506972493
1,1180228,G,A,0,0.011,2.924980308126885
1,1180228,G,C,0,0.011,7.611598053468531
1,1181766,G,A,0,0.003,2.924980308126885
1,1182978,G,A,0,0.053,2.9956113462030727
1,1184071,G,A,0,0.025,5.257557079812211
1,1184996,A,G,0,0.03,3.2075044604316334
1,1185068,G,A,0,0.09,5.257557079812211
1,1185104,C,T,0,0.21,3.2075044604316334
1,1197444,T,C,0,0.037,8.936552126353071
1,1197473,G,A,0,0.025,2.924980308126885
1,1197540,C,T,0,0.037,2.924980308126885
1,1197630,A,G,0,0.003,6.886499506972493
1,1197663,C,T,0,0.013,5.257557079812211
1,1203674,C,T,0,0.03,2.924980308126885
1,1203770,G,A,0,0.028,2.9956113462030727
1,1203836,G,A,0,0.037,5.257557079812211
1,1203884,G,A,0,0.061,2.924980308126885
1,1203884,G,A,0,0.1,2.924980308126885
1,1203891,C,T,0,0.222,2.924980308126885
1,1203897,G,A,0,0.179,2.9956113462030727
1,1203906,C,T,0,0.15,2.924980308126885
1,1203928,G,A,0,0.048,3.2075044604316334
1,1203934,G,A,0,0.02,2.9956113462030727
1,1203940,C,T,0,0.029,2.924980308126885
1,1203942,G,T,0,0.094,7.682229091544718
1,1203955,C,G,0,0.028,7.611598053468531
1,1204422,T,G,0,0.008,11.643748290390326
1,1205411,C,T,0,0.01,2.924980308126885
1,1211818,C,T,0,0.119,2.924980308126885
1,1211957,C,T,0,0.117,2.924980308126885
1,1212106,G,A,0,0.064,2.924980308126885
1,1213069,A,G,0,0.181,8.936552126353071
1,1214100,G,A,0,0.118,2.924980308126885
1,1214111,C,T,0,0.052,2.9956113462030727
1,1214121,C,G,0,0.1,7.611598053468531
1,1218801,C,T,0,0.015,6.886499506972493
1,1223276,C,T,0,0.12,3.2075044604316334
1,1223880,T,C,0,0.091,6.603975354667746
1,1223880,T,C,0,0.15,6.603975354667746
1,1223921,C,T,0,0.122,2.924980308126886
1,1228693,G,A,0,0.069,2.924980308126886
1,1232666,G,A,0,0.238,6.603975354667746
1,1232735,C,A,0,0.216,11.643748290390326
1,1232800,G,C,0,0.047,7.611598053468531
1,1242601,C,T,0,0.033,2.924980308126885
1,1242864,G,C,0,0.036,7.611598053468531
1,1244051,G,A,0,0.004,2.924980308126885
1,1244093,C,T,0,0.021,2.924980308126885
1,1244383,G,A,0,0.068,5.328188117888398
1,1244422,C,T,0,0.075,2.9956113462030727
1,1281252,C,T,0,0.087,2.924980308126886
1,1281275,G,A,0,0.07,2.924980308126885
1,1281455,G,A,0,0.122,2.924980308126885
1,1281490,G,A,0,0.103,2.924980308126885
1,1281590,C,T,0,0.044,5.328188117888398
1,1284071,G,A,0,0.137,5.257557079812211
1,1284071,G,A,0,0.07,5.257557079812211
1,1286134,C,T,0,0.13,2.924980308126885
1,1286151,G,A,0,0.16,5.257557079812211
1,1286152,C,T,0,0.084,2.924980308126885
1,1286185,G,A,0,0.161,3.2075044604316334
1,1286275,G,A,0,0.066,9.21907627865782
1,1286776,C,T,0,0.054,2.924980308126886
1,1286847,C,T,0,0.045,6.886499506972493
1,1286889,C,T,0,0.187,3.2075044604316334
1,1286899,C,A,0,0.065,10.08543690130623
1,1286899,C,G,0,0.05,7.611598053468531
1,1286944,C,T,0,0.055,2.924980308126885
1,1287148,A,T,0,0.074,7.611598053468531
1,1287161,C,T,0,0.069,2.924980308126885
1,1287250,G,A,0,0.09,5.257557079812211
1,1287277,G,A,0,0.047,6.603975354667746
1,1287678,G,A,0,0.076,5.257557079812211
1,1287678,G,A,0,0.025,5.257557079812211
1,1287760,G,A,0,0.149,5.257557079812211
1,1287798,G,A,0,0.011,3.2075044604316334
1,1287798,G,A,0,0.104,3.2075044604316334
1,1290519,G,A,0,0.031,2.924980308126885
1,1291320,C,G,0,0.093,7.611598053468531
1,1291383,C,T,0,0.119,2.924980308126885
1,1291389,C,T,0,0.134,2.924980308126886
1,1291396,C,T,0,0.129,2.9956113462030727
1,1291498,C,T,0,0.102,2.924980308126885
1,1291524,C,T,0,0.123,2.924980308126885
1,1291525,G,A,0,0.095,2.924980308126886
1,1295825,A,G,0,0.016,6.603975354667746
1,1296579,T,A,0,0.032,7.611598053468531
1,1308654,C,T,0,0.056,2.924980308126885
1,1308657,C,A,0,0.038,7.682229091544718
1,1308937,A,G,0,0.064,6.674606392743932
1,1309534,C,T,0,0.027,2.9956113462030727
1,1309563,C,T,0,0.064,5.257557079812211
1,1309691,A,G,0,0.105,3.2075044604316334
1,1312089,C,T,0,0.096,2.924980308126885
1,1312256,G,A,0,0.091,3.2075044604316334
1,1326921,C,T,0,0.173,2.924980308126885
1,1327303,G,A,0,0.13,5.328188117888398
1,1327371,C,T,0,0.045,3.2075044604316334
1,1327387,G,A,0,0.118,2.924980308126885
1,1327524,G,A,0,0.044,2.924980308126885
1,1327533,G,A,0,0.039,2.924980308126885
1,1327705,G,A,0,0.165,3.2075044604316334
1,1331900,G,A,0,0.121,6.886499506972493
1,1332124,C,T,0,0.158,2.924980308126885
1,1332276,G,A,0,0.241,2.924980308126885
1,1332283,C,T,0,0.206,2.924980308126885
1,1332375,G,A,0,0.063,5.257557079812211
1,1332528,G,A,0,0.128,6.886499506972493
1,1332595,G,A,0,0.165,2.924980308126885
1,1332630,G,T,0,0.398,10.01480586323004
1,1332781,C,T,0,0.203,2.924980308126885
1,1332973,G,A,0,0.097,5.328188117888398
1,1332978,G,A,0,0.369,6.886499506972493
1,1333117,A,G,0,0.125,6.674606392743932
1,1333272,G,A,0,0.128,2.9956113462030727
1,1333368,G,A,0,0.175,2.924980308126885
1,1333634,A,G,0,0.161,6.603975354667746
1,1333641,C,T,0,0.176,2.924980308126885
1,1333676,G,A,0,0.201,6.603975354667746
1,1333685,C,T,0,0.214,6.603975354667746
1,1333916,C,T,0,0.156,5.257557079812211
1,1334108,G,A,0,0.21,2.924980308126886
1,1334160,G,A,0,0.169,2.9956113462030727
1,1334231,G,A,0,0.247,3.2075044604316334
1,1334360,C,T,0,0.27,5.257557079812211
1,1336164,T,A,0,0.598,9.944174825153857
1,1336201,G,A,0,0.359,2.924980308126885
1,1336239,C,T,0,0.235,2.924980308126885
1,1336282,C,T,0,0.044,5.328188117888398
1,1336290,G,A,0,0.022,9.21907627865782
1,1336293,G,A,0,0.095,2.924980308126886
1,1336306,G,A,0,0.222,2.9956113462030727
1,1336339,G,A,0,0.09,3.2075044604316334
1,1336371,G,A,0,0.214,2.9956113462030727
1,1336374,C,T,0,0.12,2.924980308126885
1,1336380,C,T,0,0.094,2.924980308126885
1,1336404,G,A,0,0.021,2.9956113462030727
1,1336452,C,T,0,0.029,2.9956113462030727
1,1336468,G,A,0,0.107,5.257557079812211
1,1336473,G,C,0,0.048,7.611598053468531
1,1336483,G,A,0,0.095,2.924980308126885
1,1337985,T,C,0,0.164,8.936552126353071
1,1338007,T,A,0,0.089,7.611598053468531
1,1338022,C,T,0,0.047,2.924980308126885
1,1338058,G,A,0,0.093,3.2075044604316334
1,1338094,G,A,0,0.157,2.924980308126886
1,1338108,G,A,0,0.172,2.924980308126885
1,1338274,C,G,0,0.365,7.611598053468531
1,1338292,T,G,0,0.836,11.643748290390326
1,1338365,C,T,0,0.438,5.328188117888398
1,1338382,C,T,0,0.379,2.924980308126885
1,1338398,C,T,0,0.472,2.9956113462030727
1,1338410,T,C,0,0.029,6.674606392743932
1,1338617,A,T,0,0.41,7.611598053468531
1,1339331,C,G,0,0.061,7.611598053468531
1,1339331,C,T,0,0.068,5.257557079812211
1,1339358,G,A,0,0.059,6.603975354667746
1,1339361,C,T,0,0.174,6.603975354667746
1,1339394,G,A,0,0.318,3.2075044604316334
1,1339410,C,T,0,0.248,2.924980308126885
1,1339609,G,A,0,0.348,2.924980308126885
1,1339767,G,A,0,0.3,2.9956113462030727
1,1339770,C,T,0,0.415,2.924980308126885
1,1340130,G,A,0,0.181,2.9956113462030727
1,1340273,T,C,0,0.272,3.2075044604316334
1,1340312,G,A,0,0.341,9.21907627865782
1,1340312,G,C,0,0.323,7.611598053468531
1,1340424,G,C,0,0.026,9.944174825153857
1,1340438,C,T,0,0.146,9.21907627865782
1,1340502,G,A,0,0.145,2.924980308126885
1,1340502,G,C,0,0.098,7.611598053468531
1,1341739,G,A,0,0.113,5.257557079812211
1,1341740,C,T,0,0.016,2.924980308126885
1,1341749,G,C,0,0.05,7.611598053468531
1,1341800,G,A,0,0.252,2.924980308126885
1,1341803,C,A,0,0.035,7.682229091544718
1,1341803,C,T,0,0.035,2.924980308126885
1,1342062,G,A,0,0.101,5.328188117888398
1,1342068,G,A,0,0.107,2.924980308126885
1,1342089,G,A,0,0.224,2.9956113462030727
1,1342415,G,A,0,0.214,2.924980308126885
1,1342433,T,C,0,0.089,6.674606392743932
1,1342438,G,A,0,0.263,3.2075044604316334
1,1342450,C,A,0,0.181,10.01480586323004
1,1342453,G,A,0,0.031,5.328188117888398
1,1342474,G,C,0,0.198,7.611598053468531
1,1342703,G,A,0,0.377,2.924980308126885
1,1354066,C,T,0,0.101,2.924980308126885
1,1354215,G,T,0,0.016,10.08543690130623
1,1354483,C,A,0,0.177,7.752860129620904
1,1354485,T,C,0,0.071,6.886499506972493
1,1354921,A,G,0,0.047,2.924980308126885
1,1355057,C,T,0,0.081,5.328188117888398
1,1355705,C,T,0,0.008,2.924980308126885
1,1373822,C,A,0,0.13,11.361224138085577
1,1387277,C,T,0,0.054,2.924980308126885
1,1387364,G,A,0,0.055,2.924980308126885
1,1399233,G,C,0,0.117,7.611598053468531
1,1402158,G,C,0,0.066,7.611598053468531
1,1406917,T,A,0,0.089,7.611598053468531
1,1419158,G,A,0,0.029,2.924980308126885
1,1419337,C,G,0,0.208,7.611598053468531
1,1419345,C,T,0,0.081,2.924980308126885
1,1419407,C,T,0,0.038,2.924980308126885
1,1419407,C,T,0,0.038,2.924980308126885
1,1419420,C,T,0,0.03,2.924980308126885
1,1419448,G,A,0,0.032,2.924980308126886
1,1420930,C,T,0,0.083,6.603975354667746
1,1420950,C,T,0,0.074,2.924980308126886
1,1437061,G,T,0,0.259,7.682229091544718
1,1437345,C,T,0,0.16,2.9956113462030727
1,1437393,C,T,0,0.19,2.924980308126885
1,1437402,A,G,0,0.139,6.603975354667746
1,1437458,T,C,0,0.256,8.936552126353071
1,1439105,A,G,0,0.057,6.886499506972493
1,1439116,A,G,0,0.022,3.2075044604316334
1,1439353,C,T,0,0.054,2.924980308126885
1,1439425,G,C,0,0.012,7.611598053468531
1,1439581,C,T,0,0.152,5.257557079812211
1,1439744,T,C,0,0.041,6.603975354667746
1,1452119,T,A,0,0.741,9.944174825153857
1,1454394,C,T,0,0.484,2.9956113462030727
1,1454487,G,A,0,0.293,2.924980308126885
1,1455840,T,C,0,0.242,6.674606392743932
1,1455866,C,A,0,0.243,7.964753243849465
1,1460752,T,G,0,0.731,10.08543690130623
1,1462673,T,G,0,0.252,11.361224138085577
1,1462679,A,G,0,0.237,6.886499506972493
1,1468489,G,A,0,0.15,5.257557079812211
1,1471943,C,T,0,0.28,2.924980308126885
1,1477279,G,T,0,0.497,7.682229091544718
1,1477343,A,G,0,0.406,6.603975354667746
1,1482194,A,G,0,0.17,6.603975354667746
1,1482282,A,G,0,0.214,6.674606392743932
1,1482287,G,A,0,0.301,3.2075044604316334
1,1482547,C,T,0,0.28,2.924980308126885
1,1485086,T,A,0,0.282,7.611598053468531
1,1486185,C,A,0,0.318,7.964753243849465
1,1486194,C,A,0,0.447,11.643748290390326
1,1489207,G,A,0,0.288,6.886499506972493
1,1490392,C,G,0,0.262,7.611598053468531
1,1495503,A,G,0,0.292,6.886499506972493
1,1495578,C,T,0,0.277,2.924980308126886
1,1495637,A,C,0,0.227,11.361224138085577
1,1495686,T,C,0,0.324,6.603975354667746
1,1495783,G,A,0,0.243,5.257557079812211
1,1495785,C,T,0,0.15,2.924980308126885
1,1512287,A,G,0,0.278,6.603975354667746
1,1517206,T,C,0,0.011,6.603975354667746
1,1517224,C,T,0,0.045,2.9956113462030727
1,1517323,G,A,0,0.182,2.924980308126885
1,1517323,G,A,0,0.713,2.924980308126885
1,1517326,G,A,0,0.151,3.2075044604316334
1,1517326,G,A,0,0.09,3.2075044604316334
1,1517357,C,T,0,0.053,2.924980308126885
1,1520153,G,A,0,0.072,2.924980308126885
1,1520597,T,C,0,0.071,6.603975354667746
1,1520597,T,C,0,0.336,6.603975354667746
1,1523535,C,T,0,0.277,2.924980308126885
1,1523535,C,T,0,0.046,2.924980308126885
1,1526528,A,G,0,0.198,6.674606392743932
1,1527777,G,C,0,0.412,7.611598053468531
1,1527777,G,C,0,0.252,7.611598053468531
1,1533995,G,A,0,0.045,6.886499506972493
1,1533995,G,A,0,0.185,6.886499506972493
1,1534032,C,T,0,0.221,2.924980308126885
1,1534043,G,A,0,0.254,2.924980308126885
1,1534047,G,A,0,0.296,3.2075044604316334
1,1534047,G,C,0,0.323,7.611598053468531
1,1535427,C,T,0,0.04,2.924980308126885
1,1535601,C,T,0,0.358,5.257557079812211
1,1535637,C,T,0,0.443,2.9956113462030727
1,1535666,C,A,0,0.324,11.361224138085577
1,1539773,C,T,0,0.163,6.603975354667746
1,1540336,C,G,0,0.04,7.611598053468531
1,1623626,G,C,0,0.05,7.611598053468531
1,1625169,C,G,0,0.018,7.611598053468531
1,1625169,C,G,0,0.198,7.611598053468531
1,1625586,G,A,0,0.167,2.924980308126885
1,1626711,G,A,0,0.04,2.924980308126885
1,1626849,G,A,0,0.082,3.2075044604316334
1,1626849,G,A,0,0.047,3.2075044604316334
1,1626888,C,T,0,0.525,2.9956113462030727
1,1626888,C,T,0,0.23,2.9956113462030727
1,1627807,G,A,0,0.151,2.924980308126885
1,1627818,G,A,0,0.153,6.886499506972493
1,1627818,G,A,0,0.075,6.886499506972493
1,1628176,C,T,0,0.034,2.924980308126885
1,1628395,G,A,0,0.019,2.924980308126885
1,1628684,G,A,0,0.011,2.924980308126885
1,1628684,G,A,0,0.017,2.924980308126885
1,1629160,G,A,0,0.266,2.924980308126885
1,1629160,G,A,0,0.006,2.924980308126885
1,1629640,G,A,0,0.056,6.886499506972493
1,1629652,G,A,0,0.024,6.603975354667746
1,1629682,C,A,0,0.035,10.08543690130623
1,1629700,C,A,0,0.111,7.682229091544718
1,1630293,C,T,0,0.095,2.924980308126885
1,1630465,T,G,0,0.12,11.361224138085577
1,1630465,T,G,0,0.139,11.361224138085577
1,1632234,C,T,0,0.094,2.9956113462030727
1,1634539,G,A,0,0.09,3.2075044604316334
1,1634539,G,A,0,0.039,3.2075044604316334
1,1665915,A,G,0,0.13,6.603975354667746
1,1665937,C,T,0,0.125,6.603975354667746
1,1665976,C,T,0,0.067,6.603975354667746
1,1669678,G,A,0,0.105,2.924980308126885
1,1676534,C,T,0,0.184,2.924980308126885
1,1676558,C,T,0,0.156,2.924980308126885
1,1703489,C,T,0,0.114,2.9956113462030727
1,1703857,A,C,0,0.157,7.682229091544718
1,1704076,T,A,0,0.174,9.944174825153857
1,1754575,A,G,0,0.021,6.886499506972493
1,1757140,C,A,0,0.034,7.752860129620904
1,1759182,G,A,0,0.041,2.924980308126885
1,1759747,G,T,0,0.03,7.682229091544718
1,1759828,G,A,0,0.079,3.2075044604316334
1,1759856,C,T,0,0.028,2.924980308126885
1,1789059,G,A,0,0.339,2.9956113462030727
1,1790418,C,T,0,0.292,5.328188117888398
1,1790430,A,C,0,0.775,11.361224138085577
1,1790438,C,T,0,0.289,2.924980308126885
1,1790438,C,T,0,0.122,2.924980308126885
1,1790444,A,G,0,0.245,3.2075044604316334
1,1790444,A,G,0,0.317,3.2075044604316334
1,1790513,G,A,0,0.6,5.328188117888398
1,1790578,C,G,0,0.222,7.611598053468531
1,1790578,C,G,0,0.038,7.611598053468531
1,1793270,C,T,0,0.073,2.9956113462030727
1,1804475,T,C,0,0.088,5.540081232116958
1,1804529,G,A,0,0.74,6.603975354667746
1,1815848,G,C,0,0.251,9.944174825153857
1,1817848,T,C,0,0.301,3.2075044604316334
1,1817857,C,T,0,0.155,6.886499506972493
1,1817872,C,A,0,0.233,7.752860129620904
1,1916758,G,C,0,0.653,7.611598053468531
1,1930142,C,A,0,0.122,7.682229091544718
1,1964926,G,A,0,0.144,3.2075044604316334
1,1966478,C,T,0,0.009,9.007183164429259
1,1968645,G,A,0,0.044,6.886499506972493
1,1968786,C,T,0,0.063,2.9956113462030727
1,1970786,G,A,0,0.074,2.9956113462030727
1,1972081,T,C,0,0.015,5.540081232116959
1,1974087,C,A,0,0.057,13.97632506207565
1,1987006,C,T,0,0.017,2.924980308126885
1,1988561,C,T,0,0.047,2.924980308126885
1,1988593,G,A,0,0.023,2.924980308126885
1,1988636,T,C,0,0.024,5.257557079812211
1,1988901,G,A,0,0.042,2.924980308126885
1,1988908,C,T,0,0.031,5.328188117888398
1,1990944,C,T,0,0.024,2.9956113462030727
1,2025638,A,G,0,0.896,8.936552126353071
1,2028178,G,A,0,0.325,6.886499506972493
1,2028259,C,T,0,0.44,2.924980308126886
1,2028260,G,A,0,0.179,5.328188117888398
1,2030073,C,T,0,0.191,5.257557079812211
1,2030125,C,T,0,0.259,2.9956113462030727
1,2030142,G,A,0,0.069,2.924980308126885
1,2055515,G,A,0,0.046,6.886499506972493
1,2193653,C,T,0,0.013,6.603975354667746
1,2193685,C,A,0,0.017,7.682229091544718
1,2193685,C,T,0,0.008,2.924980308126885
1,2193833,C,T,0,0.021,5.257557079812211
1,2193836,C,T,0,0.111,2.924980308126885
1,2193898,C,T,0,0.01,2.924980308126885
1,2228821,A,G,0,0.228,3.2075044604316334
1,2228951,C,G,0,0.201,7.611598053468531
1,2228966,C,T,0,0.219,2.9956113462030727
1,2228968,A,G,0,0.244,6.603975354667746
1,2229003,C,G,0,0.224,7.611598053468531
1,2229187,G,T,0,0.119,10.01480586323004
1,2229252,A,C,0,0.765,7.752860129620904
1,2229350,A,T,0,0.337,7.611598053468531
1,2303002,A,G,0,0.183,6.603975354667746
1,2303033,A,T,0,0.487,7.611598053468531
1,2303041,G,A,0,0.138,2.924980308126885
1,2303342,G,A,0,0.187,2.9956113462030727
1,2303352,C,T,0,0.241,2.9956113462030727
1,2303925,C,T,0,0.287,2.9956113462030727
1,2303943,G,A,0,0.17,3.2075044604316334
1,2304021,C,G,0,0.322,7.611598053468531
1,2304056,G,C,0,0.241,7.611598053468531
1,2304094,G,A,0,0.489,2.924980308126885
1,2304371,C,T,0,0.199,5.257557079812211
1,2304386,C,T,0,0.202,2.924980308126885
1,2304400,G,C,0,0.249,7.611598053468531
1,2304404,C,T,0,0.162,5.257557079812211
1,2304419,C,T,0,0.213,2.924980308126885
1,2304533,A,G,0,0.316,6.603975354667746
1,2306219,C,T,0,0.663,2.924980308126885
1,2306585,C,G,0,0.296,7.611598053468531
1,2306647,G,A,0,0.222,2.924980308126885
1,2306716,C,T,0,0.233,2.924980308126885
1,2306731,C,T,0,0.193,5.257557079812211
1,2306742,G,A,0,0.234,5.257557079812211
1,2306743,G,A,0,0.246,2.924980308126885
1,2321477,C,T,0,0.047,2.9956113462030727
1,2321558,C,T,0,0.015,2.924980308126885
1,2324126,G,A,0,0.042,3.2075044604316334
1,2336539,C,T,0,0.029,2.924980308126885
1,2384980,T,C,0,0.058,6.674606392743932
1,2385876,C,T,0,0.117,2.924980308126885
1,2385876,C,T,0,0.01,2.924980308126885
1,2387479,C,T,0,0.047,2.924980308126885
1,2388260,G,A,0,0.064,2.924980308126885
1,2388292,G,T,0,0.094,10.01480586323004
1,2388292,G,T,0,0.175,10.01480586323004
1,2391523,G,A,0,0.12,2.924980308126885
1,2406576,T,C,0,0.357,8.936552126353071
1,2406811,C,G,0,0.302,7.611598053468531
1,2406907,A,G,0,0.046,3.2075044604316334
1,2408565,C,A,0,0.284,7.682229091544718
1,2408617,C,T,0,0.086,2.924980308126885
1,2408720,A,G,0,0.275,8.936552126353071
1,2408798,T,C,0,0.261,6.674606392743932
1,2476671,G,C,0,0.036,7.611598053468531
1,2479937,G,A,0,0.201,3.2075044604316334
1,2491211,G,A,0,0.118,3.2075044604316334
1,2491331,G,A,0,0.07,2.9956113462030727
1,2494925,G,A,0,0.116,9.21907627865782
1,2496831,C,T,0,0.125,2.9956113462030727
1,2498525,G,A,0,0.033,3.2075044604316334
1,2502305,G,A,0,0.052,2.924980308126886
1,2502305,G,A,0,0.075,2.924980308126886
1,2502326,T,C,0,0.025,6.603975354667746
1,2502326,T,C,0,0.063,6.603975354667746
1,2502365,C,T,0,0.022,2.924980308126886
1,2502365,C,T,0,0.091,2.924980308126886
1,2502391,G,A,0,0.033,2.924980308126885
1,2503940,C,T,0,0.01,2.924980308126885
1,2503940,C,T,0,0.016,2.924980308126885
1,2503945,C,A,0,0.049,10.01480586323004
1,2503957,C,G,0,0.033,7.611598053468531
1,2504132,G,A,0,0.005,5.257557079812211
1,2504132,G,A,0,0.011,5.257557079812211
1,2504146,G,A,0,0.07,3.2075044604316334
1,2504179,G,A,0,0.021,2.924980308126885
1,2504320,G,A,0,0.092,3.2075044604316334
1,2504491,A,G,0,0.028,3.2075044604316334
1,2504810,C,T,0,0.015,2.924980308126885
1,2504810,C,T,0,0.011,2.924980308126885
1,2504825,G,A,0,0.007,2.924980308126885
1,2504825,G,A,0,0.018,2.924980308126885
1,2505050,T,G,0,0.145,13.693800909770902
1,2505050,T,G,0,0.102,13.693800909770902
1,2505179,C,T,0,0.058,2.924980308126885
1,2505179,C,T,0,0.062,2.924980308126885
1,2508890,C,T,0,0.064,2.924980308126885
1,2508954,G,A,0,0.075,2.9956113462030727
1,2512975,G,A,0,0.091,2.924980308126885
1,2519890,C,T,0,0.468,2.924980308126885
1,2559903,G,A,0,0.051,9.21907627865782
1,2588609,G,A,0,0.031,5.328188117888398
1,2588986,C,T,0,0.022,6.603975354667746
1,2588986,C,T,0,0.045,6.603975354667746
1,2588989,C,A,0,0.037,13.76443194784709
1,2588989,C,A,0,0.018,13.76443194784709
1,2589029,G,A,0,0.006,3.2075044604316334
1,2589029,G,A,0,0.041,3.2075044604316334
1,2589034,G,A,0,0.063,2.924980308126885
1,2589034,G,A,0,0.007,2.924980308126885
1,2591973,C,T,0,0.154,9.007183164429259
1,2591979,C,T,0,0.717,2.924980308126885
1,2592689,A,G,0,0.867,5.540081232116959
1,2592877,A,G,0,0.166,6.674606392743932
1,2595298,C,T,0,0.204,2.924980308126885
1,2604193,T,C,0,0.069,8.936552126353071
1,2605602,T,G,0,0.082,11.361224138085577
1,2606361,C,T,0,0.074,5.328188117888398
1,2612163,G,T,0,0.186,11.361224138085577
1,2629361,C,T,0,0.179,2.9956113462030727
1,2641516,C,T,0,0.026,2.924980308126885
1,2641560,G,C,0,0.03,7.611598053468531
1,2641678,G,A,0,0.019,2.924980308126885
1,2641681,C,T,0,0.011,2.924980308126885
1,2641877,C,T,0,0.015,2.924980308126885
1,2644428,G,A,0,0.275,5.257557079812211
1,2645334,G,A,0,0.106,5.328188117888398
1,2785966,C,T,0,0.201,5.328188117888398
1,3022663,A,G,0,0.249,6.674606392743932
1,3186136,G,A,0,0.052,6.603975354667746
1,3186187,G,A,0,0.14,2.924980308126885
1,3186229,G,A,0,0.066,3.2075044604316334
1,3385201,C,T,0,0.13,2.924980308126885
1,3402820,G,A,0,0.209,6.886499506972493
1,3411763,G,T,0,0.137,11.361224138085577
1,3411794,T,C,0,0.089,6.603975354667746
1,3411822,C,A,0,0.072,7.682229091544718
1,3411881,G,A,0,0.058,3.2075044604316334
1,3411906,C,T,0,0.085,2.924980308126885
1,3412095,C,T,0,0.074,3.2075044604316334
1,3412494,G,C,0,0.13,7.611598053468531
1,3412623,G,C,0,0.083,7.611598053468531
1,3412649,G,A,0,0.106,2.924980308126885
1,3412665,G,A,0,0.127,5.328188117888398
1,3412665,G,C,0,0.242,7.611598053468531
1,3412736,A,T,0,0.056,7.611598053468531
1,3417951,C,A,0,0.088,7.964753243849465
1,3417951,C,G,0,0.131,7.611598053468531
1,3426071,C,T,0,0.044,6.886499506972493
1,3426095,G,A,0,0.095,2.924980308126885
1,3426149,G,A,0,0.355,6.886499506972493
1,3430888,G,A,0,0.033,9.21907627865782
1,3463209,C,T,0,0.115,2.924980308126885
1,3469481,A,G,0,0.053,8.936552126353071
1,3469512,A,G,0,0.044,6.603975354667746
1,3473395,G,A,0,0.032,9.007183164429259
1,3475977,G,A,0,0.047,2.924980308126885
1,3478438,T,C,0,0.057,6.603975354667746
1,3478533,G,A,0,0.12,3.2075044604316334
1,3490548,C,T,0,0.17,2.924980308126886
1,3490947,C,T,0,0.055,2.924980308126885
1,3490947,C,T,0,0.01,2.924980308126885
1,3492751,C,A,0,0.05,11.643748290390326
1,3492751,C,A,0,0.032,11.643748290390326
1,3493815,A,T,0,0.014,7.611598053468531
1,3494040,C,T,0,0.128,6.603975354667746
1,3494040,C,T,0,0.013,6.603975354667746
1,3494633,G,A,0,0.11,3.2075044604316334
1,3494633,G,A,0,0.243,3.2075044604316334
1,3495901,C,T,0,0.013,2.924980308126886
1,3495901,C,T,0,0.018,2.924980308126886
1,3496693,C,T,0,0.009,5.257557079812211
1,3496693,C,T,0,0.01,5.257557079812211
1,3497074,T,C,0,0.143,6.603975354667746
1,3497080,A,G,0,0.014,3.2075044604316334
1,3497310,G,A,0,0.064,2.924980308126885
1,3498466,C,T,0,0.033,2.924980308126885
1,3498736,G,A,0,0.006,2.9956113462030727
1,3498793,C,T,0,0.131,2.9956113462030727
1,3499654,C,T,0,0.049,3.2075044604316334
1,3500644,C,T,0,0.054,5.257557079812211
1,3500725,G,A,0,0.027,2.924980308126886
1,3500981,A,G,0,0.074,2.924980308126885
1,3501198,C,T,0,0.026,2.9956113462030727
1,3501242,C,T,0,0.045,5.257557079812211
1,3501835,G,A,0,0.034,2.924980308126885
1,3501864,G,A,0,0.163,2.924980308126885
1,3509135,C,T,0,0.209,5.328188117888398
1,3509968,C,T,0,0.263,2.924980308126885
1,3510792,C,T,0,0.284,2.924980308126885
1,3510831,C,T,0,0.26,2.924980308126885
1,3514574,C,A,0,0.285,11.361224138085577
1,3515461,C,T,0,0.248,2.9956113462030727
1,3515513,C,T,0,0.232,2.924980308126885
1,3524189,G,A,0,0.319,2.924980308126885
1,3524231,C,T,0,0.296,6.603975354667746
1,3579918,C,T,0,0.182,2.924980308126885
1,3602598,G,A,0,0.724,2.924980308126885
1,3625106,G,A,0,0.103,5.328188117888398
1,3625184,G,A,0,0.002,2.924980308126885
1,3625223,A,G,0,0.07,6.886499506972493
1,3625832,A,G,0,0.109,6.603975354667746
1,3631010,C,T,0,0.072,2.9956113462030727
1,3633430,C,G,0,0.09,7.611598053468531
1,3637041,T,C,0,0.269,3.2075044604316334
1,3682369,G,T,0,0.432,10.01480586323004
1,3690918,G,A,0,0.329,2.9956113462030727
1,3727758,G,A,0,0.445,2.924980308126885
1,3730937,G,C,0,0.242,7.611598053468531
1,3730937,G,C,0,0.358,7.611598053468531
1,3730955,C,T,0,0.311,2.924980308126885
1,3730970,C,T,0,0.316,6.603975354667746
1,3731009,C,T,0,0.345,6.886499506972493
1,3731030,G,A,0,0.288,2.924980308126885
1,3731036,C,A,0,0.391,7.682229091544718
1,3731045,C,T,0,0.407,2.924980308126885
1,3731523,G,A,0,0.596,6.886499506972493
1,3732755,G,T,0,0.352,7.682229091544718
1,3732834,A,G,0,0.241,6.603975354667746
1,3732924,G,A,0,0.585,3.2075044604316334
1,3732989,C,G,0,0.286,7.611598053468531
1,3733044,A,G,0,0.452,6.886499506972493
1,3752545,C,T,0,0.048,5.257557079812211
1,3752654,C,T,0,0.006,6.674606392743932
1,3752750,G,A,0,0.02,2.9956113462030727
1,3752792,G,A,0,0.018,2.9956113462030727
1,3754148,G,A,0,0.007,2.924980308126885
1,3755561,G,C,0,0.015,7.611598053468531
1,3756859,T,C,0,0.015,6.603975354667746
1,3762634,C,A,0,0.031,7.682229091544718
1,3762671,G,A,0,0.005,2.924980308126886
1,3763229,T,C,0,0.025,6.674606392743932
1,3763351,G,T,0,0.015,7.682229091544718
1,3763757,G,A,0,0.019,5.257557079812211
1,3781532,C,T,0,0.063,6.603975354667746
1,3823176,C,T,0,0.102,6.603975354667746
1,3823181,C,T,0,0.644,5.328188117888398
1,3823181,C,T,0,0.184,5.328188117888398
1,3826391,G,A,0,0.083,2.924980308126885
1,3826391,G,A,0,0.1,2.924980308126885
1,3826425,C,T,0,0.029,3.2075044604316334
1,3829306,C,T,0,0.013,5.328188117888398
1,3829306,C,T,0,0.011,5.328188117888398
1,3829360,G,A,0,0.031,5.328188117888398
1,3829369,C,T,0,0.065,2.9956113462030727
1,3829868,G,A,0,0.409,3.2075044604316334
1,3829940,T,C,0,0.06,3.2075044604316334
1,3833885,C,T,0,0.01,2.924980308126885
1,3833918,T,C,0,0.038,6.674606392743932
1,3833927,C,T,0,0.001,6.603975354667746
1,3835070,G,A,0,0.081,6.886499506972493
1,3836499,G,T,0,0.086,11.361224138085577
1,3836572,A,T,0,0.007,7.611598053468531
1,3836643,T,C,0,0.018,2.924980308126885
1,3838993,C,G,0,0.04,7.611598053468531
1,3844911,C,T,0,0.043,5.328188117888398
1,3844921,T,A,0,0.057,7.611598053468531
1,3844983,C,A,0,0.03,10.08543690130623
1,3847485,A,G,0,0.194,3.2075044604316334
1,3872523,A,G,0,0.039,6.674606392743932
1,3883656,C,T,0,0.023,2.924980308126885
1,4711974,C,T,0,0.094,2.924980308126885
1,4711976,G,A,0,0.016,3.2075044604316334
1,4712036,T,C,0,0.074,6.603975354667746
1,4712475,G,A,0,0.24,2.924980308126885
1,5863309,C,T,0,0.688,5.328188117888398
1,5863401,C,G,0,0.169,9.944174825153857
1,5863942,T,C,0,0.099,8.936552126353071
1,5865244,G,A,0,0.18,6.886499506972493
1,5866437,T,C,0,0.087,2.9956113462030727
1,5866443,G,A,0,0.52,3.2075044604316334
1,5867109,G,A,0,0.203,2.9956113462030727
1,5874557,G,A,0,0.563,2.924980308126885
1,5875004,T,C,0,0.62,6.674606392743932
1,5875042,C,T,0,0.597,2.924980308126885
1,5877098,C,T,0,0.281,2.924980308126885
1,5877202,T,C,0,0.202,8.936552126353071
1,5877229,T,C,0,0.219,6.603975354667746
1,5880183,G,A,0,0.476,3.2075044604316334
1,5890879,C,T,0,0.113,2.924980308126885
1,5904794,C,T,0,0.246,5.328188117888398
1,5905395,C,T,0,0.391,2.924980308126885
1,5905690,G,C,0,0.313,7.611598053468531
1,5905764,G,C,0,0.252,9.944174825153857
1,5905773,G,A,0,0.106,2.924980308126886
1,5909165,G,C,0,0.261,7.611598053468531
1,5927681,C,T,0,0.189,2.924980308126885
1,5948118,G,A,0,0.351,3.2075044604316334
1,5967305,C,T,0,0.265,5.257557079812211
1,5986168,G,A,0,0.187,2.9956113462030727
1,5986204,G,A,0,0.248,3.2075044604316334
1,6040585,C,T,0,0.137,9.007183164429259
1,6051550,C,T,0,0.105,2.9956113462030727
1,6051641,G,C,0,0.048,7.611598053468531
1,6051658,G,A,0,0.206,2.924980308126885
1,6051661,C,T,0,0.03,2.924980308126885
1,6097320,A,G,0,0.068,3.2075044604316334
1,6106690,C,A,0,0.35,7.682229091544718
1,6112927,T,C,0,0.083,6.674606392743932
1,6121155,C,T,0,0.026,2.924980308126885
1,6121225,C,T,0,0.017,2.924980308126885
1,6121545,C,A,0,0.029,11.361224138085577
1,6124032,A,G,0,0.068,6.674606392743932
1,6124044,C,T,0,0.119,2.924980308126885
1,6125595,G,A,0,0.595,2.924980308126885
1,6143828,C,A,0,0.244,11.361224138085577
1,6146327,C,G,0,0.214,7.611598053468531
1,6152506,G,C,0,0.375,7.611598053468531
1,6155653,G,A,0,0.517,3.2075044604316334
1,6168201,T,A,0,0.349,7.611598053468531
1,6168230,C,G,0,0.224,7.611598053468531
1,6211893,C,T,0,0.052,2.924980308126885
1,6212381,G,A,0,0.018,2.924980308126886
1,6212704,G,A,0,0.176,3.2075044604316334
1,6218354,A,G,0,0.023,6.603975354667746
1,6219304,C,T,0,0.024,2.9956113462030727
1,6244552,G,A,0,0.338,5.328188117888398
1,6250564,C,T,0,0.048,2.9956113462030727
1,6250604,T,C,0,0.034,6.603975354667746
1,6251386,G,A,0,0.086,2.9956113462030727
1,6251455,C,T,0,0.121,2.9956113462030727
1,6251481,G,A,0,0.077,2.924980308126885
1,6253887,T,C,0,0.029,6.603975354667746
1,6253939,T,C,0,0.068,6.674606392743932
1,6254688,C,T,0,0.098,2.924980308126885
1,6264614,C,T,0,0.006,2.9956113462030727
1,6264615,G,T,0,0.011,7.964753243849465
1,6385552,C,T,0,0.009,2.924980308126885
1,6425205,G,T,0,0.028,7.682229091544718
1,6425245,T,A,0,0.511,7.611598053468531
1,6440283,C,T,0,0.374,2.9956113462030727
1,6440656,C,G,0,0.02,7.611598053468531
1,6440702,G,A,0,0.535,2.924980308126885
1,6440962,C,T,0,0.228,2.924980308126885
1,6441049,G,A,0,0.197,2.9956113462030727
1,6444538,C,T,0,0.089,5.257557079812211
1,6444559,C,T,0,0.579,2.924980308126885
1,6444594,T,G,0,0.419,7.752860129620904
1,6444679,T,C,0,0.221,6.674606392743932
1,6445675,G,A,0,0.162,5.328188117888398
1,6445735,C,T,0,0.166,2.924980308126885
1,6445736,G,A,0,0.083,5.257557079812211
1,6445745,T,C,0,0.101,3.2075044604316334
1,6445757,C,T,0,0.092,6.886499506972493
1,6448812,C,T,0,0.095,2.924980308126885
1,6448885,C,T,0,0.036,5.257557079812211
1,6449070,C,T,0,0.393,2.924980308126885
1,6452055,A,T,0,0.037,9.944174825153857
1,6452055,A,T,0,0.198,9.944174825153857
1,6462033,C,T,0,0.296,5.328188117888398
1,6463094,G,A,0,0.152,2.924980308126885
1,6464394,C,T,0,0.18,2.924980308126885
1,6464441,T,C,0,0.504,2.9956113462030727
1,6465521,C,T,0,0.121,2.924980308126885
1,6467850,G,A,0,0.081,5.328188117888398
1,6467853,G,A,0,0.078,2.924980308126885
1,6467854,G,A,0,0.142,2.9956113462030727
1,6467860,C,T,0,0.044,5.328188117888398
1,6467869,G,A,0,0.081,2.924980308126885
1,6467878,G,A,0,0.086,5.257557079812211
1,6468009,C,G,0,0.015,7.611598053468531
1,6468159,C,T,0,0.089,2.924980308126885
1,6468242,T,C,0,0.103,8.936552126353071
1,6468255,G,A,0,0.207,2.924980308126885
1,6468260,C,T,0,0.023,2.924980308126885
1,6468408,C,T,0,0.154,2.9956113462030727
1,6469127,C,T,0,0.13,5.328188117888398
1,6470760,C,T,0,0.173,2.924980308126885
1,6471064,T,C,0,0.209,6.603975354667746
1,6471529,C,T,0,0.041,3.2075044604316334
1,6473333,G,C,0,0.072,9.944174825153857
1,6473355,C,T,0,0.043,2.924980308126885
1,6474122,A,G,0,0.086,3.2075044604316334
1,6475089,A,G,0,0.2,5.540081232116958
1,6475992,G,A,0,0.225,2.924980308126885
1,6477538,G,T,0,0.144,7.682229091544718
1,6485330,A,T,0,0.007,7.611598053468531
1,6485350,C,T,0,0.013,5.257557079812211
1,6525889,A,G,0,0.019,3.2075044604316334
1,6532045,T,C,0,0.078,6.603975354667746
1,6544902,C,T,0,0.049,6.886499506972493
1,6545056,T,C,0,0.011,5.540081232116958
1,6549683,G,A,0,0.033,9.21907627865782
1,6555401,G,A,0,0.12,5.257557079812211
1,6555436,T,A,0,0.081,7.611598053468531
1,6571003,A,G,0,0.213,3.2075044604316334
1,6571207,G,A,0,0.339,9.21907627865782
1,6574673,C,G,0,0.147,7.611598053468531
1,6575234,C,G,0,0.227,9.944174825153857
1,6575249,C,A,0,0.099,11.643748290390326
1,6575249,C,A,0,0.037,11.643748290390326
1,6575376,G,A,0,0.026,3.2075044604316334
1,6575376,G,A,0,0.244,3.2075044604316334
1,6576550,C,G,0,0.159,7.611598053468531
1,6577005,C,T,0,0.064,6.603975354667746
1,6577005,C,T,0,0.281,6.603975354667746
1,6578865,C,T,0,0.323,2.924980308126885
1,6578866,G,A,0,0.247,2.924980308126885
1,6579200,T,A,0,0.194,9.944174825153857
1,6581288,G,A,0,0.005,2.924980308126885
1,6589147,G,A,0,0.013,2.924980308126885
1,6593390,G,A,0,0.087,2.924980308126885
1,6593456,G,A,0,0.13,3.2075044604316334
1,6599377,G,A,0,0.469,2.924980308126885
1,6602228,G,A,0,0.073,2.924980308126885
1,6602367,A,C,0,0.065,13.693800909770902
1,6620094,G,A,0,0.049,2.9956113462030727
1,6632404,C,T,0,0.262,2.924980308126885
1,6632805,C,T,0,0.171,2.924980308126885
1,6632839,C,T,0,0.152,2.9956113462030727
1,6639990,T,C,0,0.066,6.603975354667746
1,6820184,G,A,0,0.063,5.257557079812211
1,6887657,C,T,0,0.068,6.886499506972493
1,6887717,G,C,0,0.087,7.611598053468531
1,7640454,G,A,0,0.334,2.924980308126885
1,7661857,G,A,0,0.09,2.924980308126885
1,7663448,T,G,0,0.079,11.361224138085577
1,7663529,G,A,0,0.349,2.924980308126886
1,7663533,A,G,0,0.124,6.603975354667746
1,7663562,A,G,0,0.071,8.936552126353071
1,7663691,T,G,0,0.061,11.361224138085577
1,7663866,A,C,0,0.398,11.431855176161765
1,7663874,G,A,0,0.07,2.924980308126886
1,7663896,C,T,0,0.058,2.924980308126885
1,7663931,G,A,0,0.285,2.924980308126885
1,7663961,G,A,0,0.049,2.9956113462030727
1,7663985,A,G,0,0.098,8.936552126353071
1,7664063,G,A,0,0.157,3.2075044604316334
1,7664159,T,A,0,0.125,7.611598053468531
1,7664201,G,A,0,0.078,2.924980308126885
1,7664333,A,G,0,0.07,8.936552126353071
1,7664426,G,A,0,0.076,3.2075044604316334
1,7664453,A,G,0,0.015,6.674606392743932
1,7664502,C,T,0,0.068,5.328188117888398
1,7664536,G,C,0,0.018,7.611598053468531
1,7664545,C,G,0,0.209,7.611598053468531
1,7664637,C,T,0,0.062,2.924980308126885
1,7664648,A,G,0,0.054,6.603975354667746
1,7664667,C,G,0,0.057,7.611598053468531
1,7664744,G,A,0,0.034,3.2075044604316334
1,7664926,C,A,0,0.179,10.08543690130623
1,7665062,G,A,0,0.14,2.924980308126885
1,7665089,G,A,0,0.102,9.21907627865782
1,7665092,G,A,0,0.07,5.257557079812211
1,7665110,G,A,0,0.071,2.924980308126885
1,7677679,G,A,0,0.352,6.603975354667746
1,7677695,C,T,0,0.204,2.924980308126885
1,7732460,G,A,0,0.254,2.9956113462030727
1,7732543,G,A,0,0.127,2.9956113462030727
1,7736432,C,T,0,0.182,5.328188117888398
1,7737443,C,G,0,0.071,7.611598053468531
1,7737443,C,G,0,0.063,7.611598053468531
1,7737458,T,G,0,0.266,13.693800909770902
1,7737458,T,G,0,0.056,13.693800909770902
1,7737468,G,A,0,0.079,2.924980308126885
1,7737474,C,T,0,0.054,2.924980308126886
1,7737485,G,C,0,0.09,7.611598053468531
1,7737485,G,C,0,0.123,7.611598053468531
1,7737510,G,A,0,0.135,2.924980308126885
1,7737559,G,A,0,0.059,9.007183164429259
1,7737559,G,A,0,0.053,9.007183164429259
1,7737565,A,C,0,0.117,11.361224138085577
1,7737565,A,C,0,0.131,11.361224138085577
1,7737567,C,G,0,0.065,7.611598053468531
1,7738307,C,T,0,0.075,6.886499506972493
1,7738363,C,T,0,0.086,5.328188117888398
1,7738460,G,A,0,0.087,2.924980308126885
1,7738460,G,A,0,0.118,2.924980308126885
1,7744872,C,G,0,0.278,7.611598053468531
1,7744872,C,G,0,0.205,7.611598053468531
1,7744939,C,A,0,0.051,7.682229091544718
1,7744939,C,A,0,0.049,7.682229091544718
1,7745007,G,T,0,0.168,11.643748290390326
1,7745007,G,T,0,0.244,11.643748290390326
1,7745858,G,A,0,0.219,9.21907627865782
1,7745961,C,T,0,0.185,6.886499506972493
1,7784929,G,T,0,0.055,10.01480586323004
1,7788093,A,G,0,0.028,2.924980308126886
1,7788123,C,T,0,0.061,6.674606392743932
1,7788195,G,A,0,0.009,5.257557079812211
1,7803763,A,G,0,0.04,3.2075044604316334
1,7808942,G,A,0,0.042,6.603975354667746
1,7809908,G,A,0,0.033,3.2075044604316334
1,7810457,A,G,0,0.067,3.2075044604316334
1,7810577,C,T,0,0.083,2.9956113462030727
1,7819341,A,G,0,0.047,6.674606392743932
